date,next,new,total_unemp,men,women,head
2009/7/1,270,85,355,225,138,91
2009/7/2,270,85,355,225,138,91
2009/7/3,270,85,355,225,138,91
2009/7/4,270,85,355,225,138,91
2009/7/5,270,85,355,225,138,91
2009/7/6,270,85,355,225,138,91
2009/7/7,270,85,355,225,138,91
2009/7/8,270,85,355,225,138,91
2009/7/9,270,85,355,225,138,91
2009/7/10,270,85,355,225,138,91
2009/7/11,270,85,355,225,138,91
2009/7/12,270,85,355,225,138,91
2009/7/13,270,85,355,225,138,91
2009/7/14,270,85,355,225,138,91
2009/7/15,270,85,355,225,138,91
2009/7/16,270,85,355,225,138,91
2009/7/17,270,85,355,225,138,91
2009/7/18,270,85,355,225,138,91
2009/7/19,270,85,355,225,138,91
2009/7/20,270,85,355,225,138,91
2009/7/21,270,85,355,225,138,91
2009/7/22,270,85,355,225,138,91
2009/7/23,270,85,355,225,138,91
2009/7/24,270,85,355,225,138,91
2009/7/25,270,85,355,225,138,91
2009/7/26,270,85,355,225,138,91
2009/7/27,270,85,355,225,138,91
2009/7/28,270,85,355,225,138,91
2009/7/29,270,85,355,225,138,91
2009/7/30,270,85,355,225,138,91
2009/7/31,270,85,355,225,138,91
2009/8/1,268,84,352,221,137,88
2009/8/2,268,84,352,221,137,88
2009/8/3,268,84,352,221,137,88
2009/8/4,268,84,352,221,137,88
2009/8/5,268,84,352,221,137,88
2009/8/6,268,84,352,221,137,88
2009/8/7,268,84,352,221,137,88
2009/8/8,268,84,352,221,137,88
2009/8/9,268,84,352,221,137,88
2009/8/10,268,84,352,221,137,88
2009/8/11,268,84,352,221,137,88
2009/8/12,268,84,352,221,137,88
2009/8/13,268,84,352,221,137,88
2009/8/14,268,84,352,221,137,88
2009/8/15,268,84,352,221,137,88
2009/8/16,268,84,352,221,137,88
2009/8/17,268,84,352,221,137,88
2009/8/18,268,84,352,221,137,88
2009/8/19,268,84,352,221,137,88
2009/8/20,268,84,352,221,137,88
2009/8/21,268,84,352,221,137,88
2009/8/22,268,84,352,221,137,88
2009/8/23,268,84,352,221,137,88
2009/8/24,268,84,352,221,137,88
2009/8/25,268,84,352,221,137,88
2009/8/26,268,84,352,221,137,88
2009/8/27,268,84,352,221,137,88
2009/8/28,268,84,352,221,137,88
2009/8/29,268,84,352,221,137,88
2009/8/30,268,84,352,221,137,88
2009/8/31,268,84,352,221,137,88
2009/9/1,261,92,353,214,142,87
2009/9/2,261,92,353,214,142,87
2009/9/3,261,92,353,214,142,87
2009/9/4,261,92,353,214,142,87
2009/9/5,261,92,353,214,142,87
2009/9/6,261,92,353,214,142,87
2009/9/7,261,92,353,214,142,87
2009/9/8,261,92,353,214,142,87
2009/9/9,261,92,353,214,142,87
2009/9/10,261,92,353,214,142,87
2009/9/11,261,92,353,214,142,87
2009/9/12,261,92,353,214,142,87
2009/9/13,261,92,353,214,142,87
2009/9/14,261,92,353,214,142,87
2009/9/15,261,92,353,214,142,87
2009/9/16,261,92,353,214,142,87
2009/9/17,261,92,353,214,142,87
2009/9/18,261,92,353,214,142,87
2009/9/19,261,92,353,214,142,87
2009/9/20,261,92,353,214,142,87
2009/9/21,261,92,353,214,142,87
2009/9/22,261,92,353,214,142,87
2009/9/23,261,92,353,214,142,87
2009/9/24,261,92,353,214,142,87
2009/9/25,261,92,353,214,142,87
2009/9/26,261,92,353,214,142,87
2009/9/27,261,92,353,214,142,87
2009/9/28,261,92,353,214,142,87
2009/9/29,261,92,353,214,142,87
2009/9/30,261,92,353,214,142,87
2009/10/1,255,87,342,207,135,87
2009/10/2,255,87,342,207,135,87
2009/10/3,255,87,342,207,135,87
2009/10/4,255,87,342,207,135,87
2009/10/5,255,87,342,207,135,87
2009/10/6,255,87,342,207,135,87
2009/10/7,255,87,342,207,135,87
2009/10/8,255,87,342,207,135,87
2009/10/9,255,87,342,207,135,87
2009/10/10,255,87,342,207,135,87
2009/10/11,255,87,342,207,135,87
2009/10/12,255,87,342,207,135,87
2009/10/13,255,87,342,207,135,87
2009/10/14,255,87,342,207,135,87
2009/10/15,255,87,342,207,135,87
2009/10/16,255,87,342,207,135,87
2009/10/17,255,87,342,207,135,87
2009/10/18,255,87,342,207,135,87
2009/10/19,255,87,342,207,135,87
2009/10/20,255,87,342,207,135,87
2009/10/21,255,87,342,207,135,87
2009/10/22,255,87,342,207,135,87
2009/10/23,255,87,342,207,135,87
2009/10/24,255,87,342,207,135,87
2009/10/25,255,87,342,207,135,87
2009/10/26,255,87,342,207,135,87
2009/10/27,255,87,342,207,135,87
2009/10/28,255,87,342,207,135,87
2009/10/29,255,87,342,207,135,87
2009/10/30,255,87,342,207,135,87
2009/10/31,255,87,342,207,135,87
2009/11/1,261,82,343,210,137,89
2009/11/2,261,82,343,210,137,89
2009/11/3,261,82,343,210,137,89
2009/11/4,261,82,343,210,137,89
2009/11/5,261,82,343,210,137,89
2009/11/6,261,82,343,210,137,89
2009/11/7,261,82,343,210,137,89
2009/11/8,261,82,343,210,137,89
2009/11/9,261,82,343,210,137,89
2009/11/10,261,82,343,210,137,89
2009/11/11,261,82,343,210,137,89
2009/11/12,261,82,343,210,137,89
2009/11/13,261,82,343,210,137,89
2009/11/14,261,82,343,210,137,89
2009/11/15,261,82,343,210,137,89
2009/11/16,261,82,343,210,137,89
2009/11/17,261,82,343,210,137,89
2009/11/18,261,82,343,210,137,89
2009/11/19,261,82,343,210,137,89
2009/11/20,261,82,343,210,137,89
2009/11/21,261,82,343,210,137,89
2009/11/22,261,82,343,210,137,89
2009/11/23,261,82,343,210,137,89
2009/11/24,261,82,343,210,137,89
2009/11/25,261,82,343,210,137,89
2009/11/26,261,82,343,210,137,89
2009/11/27,261,82,343,210,137,89
2009/11/28,261,82,343,210,137,89
2009/11/29,261,82,343,210,137,89
2009/11/30,261,82,343,210,137,89
2009/12/1,250,86,336,203,139,78
2009/12/2,250,86,336,203,139,78
2009/12/3,250,86,336,203,139,78
2009/12/4,250,86,336,203,139,78
2009/12/5,250,86,336,203,139,78
2009/12/6,250,86,336,203,139,78
2009/12/7,250,86,336,203,139,78
2009/12/8,250,86,336,203,139,78
2009/12/9,250,86,336,203,139,78
2009/12/10,250,86,336,203,139,78
2009/12/11,250,86,336,203,139,78
2009/12/12,250,86,336,203,139,78
2009/12/13,250,86,336,203,139,78
2009/12/14,250,86,336,203,139,78
2009/12/15,250,86,336,203,139,78
2009/12/16,250,86,336,203,139,78
2009/12/17,250,86,336,203,139,78
2009/12/18,250,86,336,203,139,78
2009/12/19,250,86,336,203,139,78
2009/12/20,250,86,336,203,139,78
2009/12/21,250,86,336,203,139,78
2009/12/22,250,86,336,203,139,78
2009/12/23,250,86,336,203,139,78
2009/12/24,250,86,336,203,139,78
2009/12/25,250,86,336,203,139,78
2009/12/26,250,86,336,203,139,78
2009/12/27,250,86,336,203,139,78
2009/12/28,250,86,336,203,139,78
2009/12/29,250,86,336,203,139,78
2009/12/30,250,86,336,203,139,78
2009/12/31,250,86,336,203,139,78
2010/1/1,246,84,330,203,132,82
2010/1/2,246,84,330,203,132,82
2010/1/3,246,84,330,203,132,82
2010/1/4,246,84,330,203,132,82
2010/1/5,246,84,330,203,132,82
2010/1/6,246,84,330,203,132,82
2010/1/7,246,84,330,203,132,82
2010/1/8,246,84,330,203,132,82
2010/1/9,246,84,330,203,132,82
2010/1/10,246,84,330,203,132,82
2010/1/11,246,84,330,203,132,82
2010/1/12,246,84,330,203,132,82
2010/1/13,246,84,330,203,132,82
2010/1/14,246,84,330,203,132,82
2010/1/15,246,84,330,203,132,82
2010/1/16,246,84,330,203,132,82
2010/1/17,246,84,330,203,132,82
2010/1/18,246,84,330,203,132,82
2010/1/19,246,84,330,203,132,82
2010/1/20,246,84,330,203,132,82
2010/1/21,246,84,330,203,132,82
2010/1/22,246,84,330,203,132,82
2010/1/23,246,84,330,203,132,82
2010/1/24,246,84,330,203,132,82
2010/1/25,246,84,330,203,132,82
2010/1/26,246,84,330,203,132,82
2010/1/27,246,84,330,203,132,82
2010/1/28,246,84,330,203,132,82
2010/1/29,246,84,330,203,132,82
2010/1/30,246,84,330,203,132,82
2010/1/31,246,84,330,203,132,82
2010/2/1,251,76,327,206,125,83
2010/2/2,251,76,327,206,125,83
2010/2/3,251,76,327,206,125,83
2010/2/4,251,76,327,206,125,83
2010/2/5,251,76,327,206,125,83
2010/2/6,251,76,327,206,125,83
2010/2/7,251,76,327,206,125,83
2010/2/8,251,76,327,206,125,83
2010/2/9,251,76,327,206,125,83
2010/2/10,251,76,327,206,125,83
2010/2/11,251,76,327,206,125,83
2010/2/12,251,76,327,206,125,83
2010/2/13,251,76,327,206,125,83
2010/2/14,251,76,327,206,125,83
2010/2/15,251,76,327,206,125,83
2010/2/16,251,76,327,206,125,83
2010/2/17,251,76,327,206,125,83
2010/2/18,251,76,327,206,125,83
2010/2/19,251,76,327,206,125,83
2010/2/20,251,76,327,206,125,83
2010/2/21,251,76,327,206,125,83
2010/2/22,251,76,327,206,125,83
2010/2/23,251,76,327,206,125,83
2010/2/24,251,76,327,206,125,83
2010/2/25,251,76,327,206,125,83
2010/2/26,251,76,327,206,125,83
2010/2/27,251,76,327,206,125,83
2010/2/28,251,76,327,206,125,83
2010/3/1,249,85,334,212,127,83
2010/3/2,249,85,334,212,127,83
2010/3/3,249,85,334,212,127,83
2010/3/4,249,85,334,212,127,83
2010/3/5,249,85,334,212,127,83
2010/3/6,249,85,334,212,127,83
2010/3/7,249,85,334,212,127,83
2010/3/8,249,85,334,212,127,83
2010/3/9,249,85,334,212,127,83
2010/3/10,249,85,334,212,127,83
2010/3/11,249,85,334,212,127,83
2010/3/12,249,85,334,212,127,83
2010/3/13,249,85,334,212,127,83
2010/3/14,249,85,334,212,127,83
2010/3/15,249,85,334,212,127,83
2010/3/16,249,85,334,212,127,83
2010/3/17,249,85,334,212,127,83
2010/3/18,249,85,334,212,127,83
2010/3/19,249,85,334,212,127,83
2010/3/20,249,85,334,212,127,83
2010/3/21,249,85,334,212,127,83
2010/3/22,249,85,334,212,127,83
2010/3/23,249,85,334,212,127,83
2010/3/24,249,85,334,212,127,83
2010/3/25,249,85,334,212,127,83
2010/3/26,249,85,334,212,127,83
2010/3/27,249,85,334,212,127,83
2010/3/28,249,85,334,212,127,83
2010/3/29,249,85,334,212,127,83
2010/3/30,249,85,334,212,127,83
2010/3/31,249,85,334,212,127,83
2010/4/1,241,88,329,207,129,81
2010/4/2,241,88,329,207,129,81
2010/4/3,241,88,329,207,129,81
2010/4/4,241,88,329,207,129,81
2010/4/5,241,88,329,207,129,81
2010/4/6,241,88,329,207,129,81
2010/4/7,241,88,329,207,129,81
2010/4/8,241,88,329,207,129,81
2010/4/9,241,88,329,207,129,81
2010/4/10,241,88,329,207,129,81
2010/4/11,241,88,329,207,129,81
2010/4/12,241,88,329,207,129,81
2010/4/13,241,88,329,207,129,81
2010/4/14,241,88,329,207,129,81
2010/4/15,241,88,329,207,129,81
2010/4/16,241,88,329,207,129,81
2010/4/17,241,88,329,207,129,81
2010/4/18,241,88,329,207,129,81
2010/4/19,241,88,329,207,129,81
2010/4/20,241,88,329,207,129,81
2010/4/21,241,88,329,207,129,81
2010/4/22,241,88,329,207,129,81
2010/4/23,241,88,329,207,129,81
2010/4/24,241,88,329,207,129,81
2010/4/25,241,88,329,207,129,81
2010/4/26,241,88,329,207,129,81
2010/4/27,241,88,329,207,129,81
2010/4/28,241,88,329,207,129,81
2010/4/29,241,88,329,207,129,81
2010/4/30,241,88,329,207,129,81
2010/5/1,241,90,331,210,129,80
2010/5/2,241,90,331,210,129,80
2010/5/3,241,90,331,210,129,80
2010/5/4,241,90,331,210,129,80
2010/5/5,241,90,331,210,129,80
2010/5/6,241,90,331,210,129,80
2010/5/7,241,90,331,210,129,80
2010/5/8,241,90,331,210,129,80
2010/5/9,241,90,331,210,129,80
2010/5/10,241,90,331,210,129,80
2010/5/11,241,90,331,210,129,80
2010/5/12,241,90,331,210,129,80
2010/5/13,241,90,331,210,129,80
2010/5/14,241,90,331,210,129,80
2010/5/15,241,90,331,210,129,80
2010/5/16,241,90,331,210,129,80
2010/5/17,241,90,331,210,129,80
2010/5/18,241,90,331,210,129,80
2010/5/19,241,90,331,210,129,80
2010/5/20,241,90,331,210,129,80
2010/5/21,241,90,331,210,129,80
2010/5/22,241,90,331,210,129,80
2010/5/23,241,90,331,210,129,80
2010/5/24,241,90,331,210,129,80
2010/5/25,241,90,331,210,129,80
2010/5/26,241,90,331,210,129,80
2010/5/27,241,90,331,210,129,80
2010/5/28,241,90,331,210,129,80
2010/5/29,241,90,331,210,129,80
2010/5/30,241,90,331,210,129,80
2010/5/31,241,90,331,210,129,80
2010/6/1,239,94,333,212,130,78
2010/6/2,239,94,333,212,130,78
2010/6/3,239,94,333,212,130,78
2010/6/4,239,94,333,212,130,78
2010/6/5,239,94,333,212,130,78
2010/6/6,239,94,333,212,130,78
2010/6/7,239,94,333,212,130,78
2010/6/8,239,94,333,212,130,78
2010/6/9,239,94,333,212,130,78
2010/6/10,239,94,333,212,130,78
2010/6/11,239,94,333,212,130,78
2010/6/12,239,94,333,212,130,78
2010/6/13,239,94,333,212,130,78
2010/6/14,239,94,333,212,130,78
2010/6/15,239,94,333,212,130,78
2010/6/16,239,94,333,212,130,78
2010/6/17,239,94,333,212,130,78
2010/6/18,239,94,333,212,130,78
2010/6/19,239,94,333,212,130,78
2010/6/20,239,94,333,212,130,78
2010/6/21,239,94,333,212,130,78
2010/6/22,239,94,333,212,130,78
2010/6/23,239,94,333,212,130,78
2010/6/24,239,94,333,212,130,78
2010/6/25,239,94,333,212,130,78
2010/6/26,239,94,333,212,130,78
2010/6/27,239,94,333,212,130,78
2010/6/28,239,94,333,212,130,78
2010/6/29,239,94,333,212,130,78
2010/6/30,239,94,333,212,130,78
2010/7/1,241,82,323,205,123,83
2010/7/2,241,82,323,205,123,83
2010/7/3,241,82,323,205,123,83
2010/7/4,241,82,323,205,123,83
2010/7/5,241,82,323,205,123,83
2010/7/6,241,82,323,205,123,83
2010/7/7,241,82,323,205,123,83
2010/7/8,241,82,323,205,123,83
2010/7/9,241,82,323,205,123,83
2010/7/10,241,82,323,205,123,83
2010/7/11,241,82,323,205,123,83
2010/7/12,241,82,323,205,123,83
2010/7/13,241,82,323,205,123,83
2010/7/14,241,82,323,205,123,83
2010/7/15,241,82,323,205,123,83
2010/7/16,241,82,323,205,123,83
2010/7/17,241,82,323,205,123,83
2010/7/18,241,82,323,205,123,83
2010/7/19,241,82,323,205,123,83
2010/7/20,241,82,323,205,123,83
2010/7/21,241,82,323,205,123,83
2010/7/22,241,82,323,205,123,83
2010/7/23,241,82,323,205,123,83
2010/7/24,241,82,323,205,123,83
2010/7/25,241,82,323,205,123,83
2010/7/26,241,82,323,205,123,83
2010/7/27,241,82,323,205,123,83
2010/7/28,241,82,323,205,123,83
2010/7/29,241,82,323,205,123,83
2010/7/30,241,82,323,205,123,83
2010/7/31,241,82,323,205,123,83
2010/8/1,243,86,329,205,127,84
2010/8/2,243,86,329,205,127,84
2010/8/3,243,86,329,205,127,84
2010/8/4,243,86,329,205,127,84
2010/8/5,243,86,329,205,127,84
2010/8/6,243,86,329,205,127,84
2010/8/7,243,86,329,205,127,84
2010/8/8,243,86,329,205,127,84
2010/8/9,243,86,329,205,127,84
2010/8/10,243,86,329,205,127,84
2010/8/11,243,86,329,205,127,84
2010/8/12,243,86,329,205,127,84
2010/8/13,243,86,329,205,127,84
2010/8/14,243,86,329,205,127,84
2010/8/15,243,86,329,205,127,84
2010/8/16,243,86,329,205,127,84
2010/8/17,243,86,329,205,127,84
2010/8/18,243,86,329,205,127,84
2010/8/19,243,86,329,205,127,84
2010/8/20,243,86,329,205,127,84
2010/8/21,243,86,329,205,127,84
2010/8/22,243,86,329,205,127,84
2010/8/23,243,86,329,205,127,84
2010/8/24,243,86,329,205,127,84
2010/8/25,243,86,329,205,127,84
2010/8/26,243,86,329,205,127,84
2010/8/27,243,86,329,205,127,84
2010/8/28,243,86,329,205,127,84
2010/8/29,243,86,329,205,127,84
2010/8/30,243,86,329,205,127,84
2010/8/31,243,86,329,205,127,84
2010/9/1,248,86,334,213,125,87
2010/9/2,248,86,334,213,125,87
2010/9/3,248,86,334,213,125,87
2010/9/4,248,86,334,213,125,87
2010/9/5,248,86,334,213,125,87
2010/9/6,248,86,334,213,125,87
2010/9/7,248,86,334,213,125,87
2010/9/8,248,86,334,213,125,87
2010/9/9,248,86,334,213,125,87
2010/9/10,248,86,334,213,125,87
2010/9/11,248,86,334,213,125,87
2010/9/12,248,86,334,213,125,87
2010/9/13,248,86,334,213,125,87
2010/9/14,248,86,334,213,125,87
2010/9/15,248,86,334,213,125,87
2010/9/16,248,86,334,213,125,87
2010/9/17,248,86,334,213,125,87
2010/9/18,248,86,334,213,125,87
2010/9/19,248,86,334,213,125,87
2010/9/20,248,86,334,213,125,87
2010/9/21,248,86,334,213,125,87
2010/9/22,248,86,334,213,125,87
2010/9/23,248,86,334,213,125,87
2010/9/24,248,86,334,213,125,87
2010/9/25,248,86,334,213,125,87
2010/9/26,248,86,334,213,125,87
2010/9/27,248,86,334,213,125,87
2010/9/28,248,86,334,213,125,87
2010/9/29,248,86,334,213,125,87
2010/9/30,248,86,334,213,125,87
2010/10/1,245,86,331,208,127,85
2010/10/2,245,86,331,208,127,85
2010/10/3,245,86,331,208,127,85
2010/10/4,245,86,331,208,127,85
2010/10/5,245,86,331,208,127,85
2010/10/6,245,86,331,208,127,85
2010/10/7,245,86,331,208,127,85
2010/10/8,245,86,331,208,127,85
2010/10/9,245,86,331,208,127,85
2010/10/10,245,86,331,208,127,85
2010/10/11,245,86,331,208,127,85
2010/10/12,245,86,331,208,127,85
2010/10/13,245,86,331,208,127,85
2010/10/14,245,86,331,208,127,85
2010/10/15,245,86,331,208,127,85
2010/10/16,245,86,331,208,127,85
2010/10/17,245,86,331,208,127,85
2010/10/18,245,86,331,208,127,85
2010/10/19,245,86,331,208,127,85
2010/10/20,245,86,331,208,127,85
2010/10/21,245,86,331,208,127,85
2010/10/22,245,86,331,208,127,85
2010/10/23,245,86,331,208,127,85
2010/10/24,245,86,331,208,127,85
2010/10/25,245,86,331,208,127,85
2010/10/26,245,86,331,208,127,85
2010/10/27,245,86,331,208,127,85
2010/10/28,245,86,331,208,127,85
2010/10/29,245,86,331,208,127,85
2010/10/30,245,86,331,208,127,85
2010/10/31,245,86,331,208,127,85
2010/11/1,235,92,327,206,125,74
2010/11/2,235,92,327,206,125,74
2010/11/3,235,92,327,206,125,74
2010/11/4,235,92,327,206,125,74
2010/11/5,235,92,327,206,125,74
2010/11/6,235,92,327,206,125,74
2010/11/7,235,92,327,206,125,74
2010/11/8,235,92,327,206,125,74
2010/11/9,235,92,327,206,125,74
2010/11/10,235,92,327,206,125,74
2010/11/11,235,92,327,206,125,74
2010/11/12,235,92,327,206,125,74
2010/11/13,235,92,327,206,125,74
2010/11/14,235,92,327,206,125,74
2010/11/15,235,92,327,206,125,74
2010/11/16,235,92,327,206,125,74
2010/11/17,235,92,327,206,125,74
2010/11/18,235,92,327,206,125,74
2010/11/19,235,92,327,206,125,74
2010/11/20,235,92,327,206,125,74
2010/11/21,235,92,327,206,125,74
2010/11/22,235,92,327,206,125,74
2010/11/23,235,92,327,206,125,74
2010/11/24,235,92,327,206,125,74
2010/11/25,235,92,327,206,125,74
2010/11/26,235,92,327,206,125,74
2010/11/27,235,92,327,206,125,74
2010/11/28,235,92,327,206,125,74
2010/11/29,235,92,327,206,125,74
2010/11/30,235,92,327,206,125,74
2010/12/1,229,87,316,200,120,74
2010/12/2,229,87,316,200,120,74
2010/12/3,229,87,316,200,120,74
2010/12/4,229,87,316,200,120,74
2010/12/5,229,87,316,200,120,74
2010/12/6,229,87,316,200,120,74
2010/12/7,229,87,316,200,120,74
2010/12/8,229,87,316,200,120,74
2010/12/9,229,87,316,200,120,74
2010/12/10,229,87,316,200,120,74
2010/12/11,229,87,316,200,120,74
2010/12/12,229,87,316,200,120,74
2010/12/13,229,87,316,200,120,74
2010/12/14,229,87,316,200,120,74
2010/12/15,229,87,316,200,120,74
2010/12/16,229,87,316,200,120,74
2010/12/17,229,87,316,200,120,74
2010/12/18,229,87,316,200,120,74
2010/12/19,229,87,316,200,120,74
2010/12/20,229,87,316,200,120,74
2010/12/21,229,87,316,200,120,74
2010/12/22,229,87,316,200,120,74
2010/12/23,229,87,316,200,120,74
2010/12/24,229,87,316,200,120,74
2010/12/25,229,87,316,200,120,74
2010/12/26,229,87,316,200,120,74
2010/12/27,229,87,316,200,120,74
2010/12/28,229,87,316,200,120,74
2010/12/29,229,87,316,200,120,74
2010/12/30,229,87,316,200,120,74
2010/12/31,229,87,316,200,120,74
2011/1/1,229,85,314,200,116,79
2011/1/2,229,85,314,200,116,79
2011/1/3,229,85,314,200,116,79
2011/1/4,229,85,314,200,116,79
2011/1/5,229,85,314,200,116,79
2011/1/6,229,85,314,200,116,79
2011/1/7,229,85,314,200,116,79
2011/1/8,229,85,314,200,116,79
2011/1/9,229,85,314,200,116,79
2011/1/10,229,85,314,200,116,79
2011/1/11,229,85,314,200,116,79
2011/1/12,229,85,314,200,116,79
2011/1/13,229,85,314,200,116,79
2011/1/14,229,85,314,200,116,79
2011/1/15,229,85,314,200,116,79
2011/1/16,229,85,314,200,116,79
2011/1/17,229,85,314,200,116,79
2011/1/18,229,85,314,200,116,79
2011/1/19,229,85,314,200,116,79
2011/1/20,229,85,314,200,116,79
2011/1/21,229,85,314,200,116,79
2011/1/22,229,85,314,200,116,79
2011/1/23,229,85,314,200,116,79
2011/1/24,229,85,314,200,116,79
2011/1/25,229,85,314,200,116,79
2011/1/26,229,85,314,200,116,79
2011/1/27,229,85,314,200,116,79
2011/1/28,229,85,314,200,116,79
2011/1/29,229,85,314,200,116,79
2011/1/30,229,85,314,200,116,79
2011/1/31,229,85,314,200,116,79
2011/2/1,221,85,306,189,119,76
2011/2/2,221,85,306,189,119,76
2011/2/3,221,85,306,189,119,76
2011/2/4,221,85,306,189,119,76
2011/2/5,221,85,306,189,119,76
2011/2/6,221,85,306,189,119,76
2011/2/7,221,85,306,189,119,76
2011/2/8,221,85,306,189,119,76
2011/2/9,221,85,306,189,119,76
2011/2/10,221,85,306,189,119,76
2011/2/11,221,85,306,189,119,76
2011/2/12,221,85,306,189,119,76
2011/2/13,221,85,306,189,119,76
2011/2/14,221,85,306,189,119,76
2011/2/15,221,85,306,189,119,76
2011/2/16,221,85,306,189,119,76
2011/2/17,221,85,306,189,119,76
2011/2/18,221,85,306,189,119,76
2011/2/19,221,85,306,189,119,76
2011/2/20,221,85,306,189,119,76
2011/2/21,221,85,306,189,119,76
2011/2/22,221,85,306,189,119,76
2011/2/23,221,85,306,189,119,76
2011/2/24,221,85,306,189,119,76
2011/2/25,221,85,306,189,119,76
2011/2/26,221,85,306,189,119,76
2011/2/27,221,85,306,189,119,76
2011/2/28,221,85,306,189,119,76
2011/3/1,225,80,305,190,119,75
2011/3/2,225,80,305,190,119,75
2011/3/3,225,80,305,190,119,75
2011/3/4,225,80,305,190,119,75
2011/3/5,225,80,305,190,119,75
2011/3/6,225,80,305,190,119,75
2011/3/7,225,80,305,190,119,75
2011/3/8,225,80,305,190,119,75
2011/3/9,225,80,305,190,119,75
2011/3/10,225,80,305,190,119,75
2011/3/11,225,80,305,190,119,75
2011/3/12,225,80,305,190,119,75
2011/3/13,225,80,305,190,119,75
2011/3/14,225,80,305,190,119,75
2011/3/15,225,80,305,190,119,75
2011/3/16,225,80,305,190,119,75
2011/3/17,225,80,305,190,119,75
2011/3/18,225,80,305,190,119,75
2011/3/19,225,80,305,190,119,75
2011/3/20,225,80,305,190,119,75
2011/3/21,225,80,305,190,119,75
2011/3/22,225,80,305,190,119,75
2011/3/23,225,80,305,190,119,75
2011/3/24,225,80,305,190,119,75
2011/3/25,225,80,305,190,119,75
2011/3/26,225,80,305,190,119,75
2011/3/27,225,80,305,190,119,75
2011/3/28,225,80,305,190,119,75
2011/3/29,225,80,305,190,119,75
2011/3/30,225,80,305,190,119,75
2011/3/31,225,80,305,190,119,75
2011/4/1,219,83,302,193,114,76
2011/4/2,219,83,302,193,114,76
2011/4/3,219,83,302,193,114,76
2011/4/4,219,83,302,193,114,76
2011/4/5,219,83,302,193,114,76
2011/4/6,219,83,302,193,114,76
2011/4/7,219,83,302,193,114,76
2011/4/8,219,83,302,193,114,76
2011/4/9,219,83,302,193,114,76
2011/4/10,219,83,302,193,114,76
2011/4/11,219,83,302,193,114,76
2011/4/12,219,83,302,193,114,76
2011/4/13,219,83,302,193,114,76
2011/4/14,219,83,302,193,114,76
2011/4/15,219,83,302,193,114,76
2011/4/16,219,83,302,193,114,76
2011/4/17,219,83,302,193,114,76
2011/4/18,219,83,302,193,114,76
2011/4/19,219,83,302,193,114,76
2011/4/20,219,83,302,193,114,76
2011/4/21,219,83,302,193,114,76
2011/4/22,219,83,302,193,114,76
2011/4/23,219,83,302,193,114,76
2011/4/24,219,83,302,193,114,76
2011/4/25,219,83,302,193,114,76
2011/4/26,219,83,302,193,114,76
2011/4/27,219,83,302,193,114,76
2011/4/28,219,83,302,193,114,76
2011/4/29,219,83,302,193,114,76
2011/4/30,219,83,302,193,114,76
2011/5/1,218,80,298,191,113,75
2011/5/2,218,80,298,191,113,75
2011/5/3,218,80,298,191,113,75
2011/5/4,218,80,298,191,113,75
2011/5/5,218,80,298,191,113,75
2011/5/6,218,80,298,191,113,75
2011/5/7,218,80,298,191,113,75
2011/5/8,218,80,298,191,113,75
2011/5/9,218,80,298,191,113,75
2011/5/10,218,80,298,191,113,75
2011/5/11,218,80,298,191,113,75
2011/5/12,218,80,298,191,113,75
2011/5/13,218,80,298,191,113,75
2011/5/14,218,80,298,191,113,75
2011/5/15,218,80,298,191,113,75
2011/5/16,218,80,298,191,113,75
2011/5/17,218,80,298,191,113,75
2011/5/18,218,80,298,191,113,75
2011/5/19,218,80,298,191,113,75
2011/5/20,218,80,298,191,113,75
2011/5/21,218,80,298,191,113,75
2011/5/22,218,80,298,191,113,75
2011/5/23,218,80,298,191,113,75
2011/5/24,218,80,298,191,113,75
2011/5/25,218,80,298,191,113,75
2011/5/26,218,80,298,191,113,75
2011/5/27,218,80,298,191,113,75
2011/5/28,218,80,298,191,113,75
2011/5/29,218,80,298,191,113,75
2011/5/30,218,80,298,191,113,75
2011/5/31,218,80,298,191,113,75
2011/6/1,222,79,301,188,120,75
2011/6/2,222,79,301,188,120,75
2011/6/3,222,79,301,188,120,75
2011/6/4,222,79,301,188,120,75
2011/6/5,222,79,301,188,120,75
2011/6/6,222,79,301,188,120,75
2011/6/7,222,79,301,188,120,75
2011/6/8,222,79,301,188,120,75
2011/6/9,222,79,301,188,120,75
2011/6/10,222,79,301,188,120,75
2011/6/11,222,79,301,188,120,75
2011/6/12,222,79,301,188,120,75
2011/6/13,222,79,301,188,120,75
2011/6/14,222,79,301,188,120,75
2011/6/15,222,79,301,188,120,75
2011/6/16,222,79,301,188,120,75
2011/6/17,222,79,301,188,120,75
2011/6/18,222,79,301,188,120,75
2011/6/19,222,79,301,188,120,75
2011/6/20,222,79,301,188,120,75
2011/6/21,222,79,301,188,120,75
2011/6/22,222,79,301,188,120,75
2011/6/23,222,79,301,188,120,75
2011/6/24,222,79,301,188,120,75
2011/6/25,222,79,301,188,120,75
2011/6/26,222,79,301,188,120,75
2011/6/27,222,79,301,188,120,75
2011/6/28,222,79,301,188,120,75
2011/6/29,222,79,301,188,120,75
2011/6/30,222,79,301,188,120,75
2011/7/1,226,77,303,190,118,78
2011/7/2,226,77,303,190,118,78
2011/7/3,226,77,303,190,118,78
2011/7/4,226,77,303,190,118,78
2011/7/5,226,77,303,190,118,78
2011/7/6,226,77,303,190,118,78
2011/7/7,226,77,303,190,118,78
2011/7/8,226,77,303,190,118,78
2011/7/9,226,77,303,190,118,78
2011/7/10,226,77,303,190,118,78
2011/7/11,226,77,303,190,118,78
2011/7/12,226,77,303,190,118,78
2011/7/13,226,77,303,190,118,78
2011/7/14,226,77,303,190,118,78
2011/7/15,226,77,303,190,118,78
2011/7/16,226,77,303,190,118,78
2011/7/17,226,77,303,190,118,78
2011/7/18,226,77,303,190,118,78
2011/7/19,226,77,303,190,118,78
2011/7/20,226,77,303,190,118,78
2011/7/21,226,77,303,190,118,78
2011/7/22,226,77,303,190,118,78
2011/7/23,226,77,303,190,118,78
2011/7/24,226,77,303,190,118,78
2011/7/25,226,77,303,190,118,78
2011/7/26,226,77,303,190,118,78
2011/7/27,226,77,303,190,118,78
2011/7/28,226,77,303,190,118,78
2011/7/29,226,77,303,190,118,78
2011/7/30,226,77,303,190,118,78
2011/7/31,226,77,303,190,118,78
2011/8/1,205,81,286,178,113,68
2011/8/2,205,81,286,178,113,68
2011/8/3,205,81,286,178,113,68
2011/8/4,205,81,286,178,113,68
2011/8/5,205,81,286,178,113,68
2011/8/6,205,81,286,178,113,68
2011/8/7,205,81,286,178,113,68
2011/8/8,205,81,286,178,113,68
2011/8/9,205,81,286,178,113,68
2011/8/10,205,81,286,178,113,68
2011/8/11,205,81,286,178,113,68
2011/8/12,205,81,286,178,113,68
2011/8/13,205,81,286,178,113,68
2011/8/14,205,81,286,178,113,68
2011/8/15,205,81,286,178,113,68
2011/8/16,205,81,286,178,113,68
2011/8/17,205,81,286,178,113,68
2011/8/18,205,81,286,178,113,68
2011/8/19,205,81,286,178,113,68
2011/8/20,205,81,286,178,113,68
2011/8/21,205,81,286,178,113,68
2011/8/22,205,81,286,178,113,68
2011/8/23,205,81,286,178,113,68
2011/8/24,205,81,286,178,113,68
2011/8/25,205,81,286,178,113,68
2011/8/26,205,81,286,178,113,68
2011/8/27,205,81,286,178,113,68
2011/8/28,205,81,286,178,113,68
2011/8/29,205,81,286,178,113,68
2011/8/30,205,81,286,178,113,68
2011/8/31,205,81,286,178,113,68
2011/9/1,199,74,273,172,103,66
2011/9/2,199,74,273,172,103,66
2011/9/3,199,74,273,172,103,66
2011/9/4,199,74,273,172,103,66
2011/9/5,199,74,273,172,103,66
2011/9/6,199,74,273,172,103,66
2011/9/7,199,74,273,172,103,66
2011/9/8,199,74,273,172,103,66
2011/9/9,199,74,273,172,103,66
2011/9/10,199,74,273,172,103,66
2011/9/11,199,74,273,172,103,66
2011/9/12,199,74,273,172,103,66
2011/9/13,199,74,273,172,103,66
2011/9/14,199,74,273,172,103,66
2011/9/15,199,74,273,172,103,66
2011/9/16,199,74,273,172,103,66
2011/9/17,199,74,273,172,103,66
2011/9/18,199,74,273,172,103,66
2011/9/19,199,74,273,172,103,66
2011/9/20,199,74,273,172,103,66
2011/9/21,199,74,273,172,103,66
2011/9/22,199,74,273,172,103,66
2011/9/23,199,74,273,172,103,66
2011/9/24,199,74,273,172,103,66
2011/9/25,199,74,273,172,103,66
2011/9/26,199,74,273,172,103,66
2011/9/27,199,74,273,172,103,66
2011/9/28,199,74,273,172,103,66
2011/9/29,199,74,273,172,103,66
2011/9/30,199,74,273,172,103,66
2011/10/1,208,78,286,181,106,70
2011/10/2,208,78,286,181,106,70
2011/10/3,208,78,286,181,106,70
2011/10/4,208,78,286,181,106,70
2011/10/5,208,78,286,181,106,70
2011/10/6,208,78,286,181,106,70
2011/10/7,208,78,286,181,106,70
2011/10/8,208,78,286,181,106,70
2011/10/9,208,78,286,181,106,70
2011/10/10,208,78,286,181,106,70
2011/10/11,208,78,286,181,106,70
2011/10/12,208,78,286,181,106,70
2011/10/13,208,78,286,181,106,70
2011/10/14,208,78,286,181,106,70
2011/10/15,208,78,286,181,106,70
2011/10/16,208,78,286,181,106,70
2011/10/17,208,78,286,181,106,70
2011/10/18,208,78,286,181,106,70
2011/10/19,208,78,286,181,106,70
2011/10/20,208,78,286,181,106,70
2011/10/21,208,78,286,181,106,70
2011/10/22,208,78,286,181,106,70
2011/10/23,208,78,286,181,106,70
2011/10/24,208,78,286,181,106,70
2011/10/25,208,78,286,181,106,70
2011/10/26,208,78,286,181,106,70
2011/10/27,208,78,286,181,106,70
2011/10/28,208,78,286,181,106,70
2011/10/29,208,78,286,181,106,70
2011/10/30,208,78,286,181,106,70
2011/10/31,208,78,286,181,106,70
2011/11/1,206,83,289,181,109,68
2011/11/2,210,84,294,187,109,72
2011/11/3,209,84,293,180,116,73
2011/11/4,208,83,291,180,113,70
2011/11/5,203,88,291,180,113,68
2011/11/6,213,78,291,181,112,67
2011/11/7,204,79,283,174,110,67
2011/11/8,208,72,280,173,107,68
2011/11/9,199,80,279,173,109,64
2011/11/10,199,71,270,169,103,62
2011/11/11,199,72,271,169,104,62
2011/11/12,193,76,269,163,106,56
2011/11/13,194,71,265,164,103,60
2011/11/14,199,76,275,170,106,68
2011/11/15,199,75,274,172,103,64
2011/11/16,197,79,276,172,107,59
2011/11/17,197,71,268,172,97,59
2011/11/18,191,75,266,167,104,59
2011/11/19,194,74,268,165,105,59
2011/11/20,182,71,253,160,95,53
2011/11/21,180,70,250,161,89,53
2011/11/22,187,79,266,167,100,61
2011/11/23,180,77,257,161,97,61
2011/11/24,184,78,262,161,103,60
2011/11/25,184,72,256,156,100,60
2011/11/26,170,67,237,144,96,50
2011/11/27,167,69,236,145,95,48
2011/11/28,167,66,233,141,91,51
2011/11/29,169,67,236,143,94,52
2011/11/30,166,68,234,145,90,54
2011/12/1,210,84,294,187,109,72
2011/12/2,210,84,294,187,109,72
2011/12/3,210,84,294,187,109,72
2011/12/4,210,84,294,187,109,72
2011/12/5,210,84,294,187,109,72
2011/12/6,210,84,294,187,109,72
2011/12/7,210,84,294,187,109,72
2011/12/8,210,84,294,187,109,72
2011/12/9,210,84,294,187,109,72
2011/12/10,210,84,294,187,109,72
2011/12/11,210,84,294,187,109,72
2011/12/12,210,84,294,187,109,72
2011/12/13,210,84,294,187,109,72
2011/12/14,210,84,294,187,109,72
2011/12/15,210,84,294,187,109,72
2011/12/16,210,84,294,187,109,72
2011/12/17,210,84,294,187,109,72
2011/12/18,210,84,294,187,109,72
2011/12/19,210,84,294,187,109,72
2011/12/20,210,84,294,187,109,72
2011/12/21,210,84,294,187,109,72
2011/12/22,210,84,294,187,109,72
2011/12/23,210,84,294,187,109,72
2011/12/24,210,84,294,187,109,72
2011/12/25,210,84,294,187,109,72
2011/12/26,210,84,294,187,109,72
2011/12/27,210,84,294,187,109,72
2011/12/28,210,84,294,187,109,72
2011/12/29,210,84,294,187,109,72
2011/12/30,210,84,294,187,109,72
2011/12/31,210,84,294,187,109,72
2012/1/1,209,84,293,180,116,73
2012/1/2,209,84,293,180,116,73
2012/1/3,209,84,293,180,116,73
2012/1/4,209,84,293,180,116,73
2012/1/5,209,84,293,180,116,73
2012/1/6,209,84,293,180,116,73
2012/1/7,209,84,293,180,116,73
2012/1/8,209,84,293,180,116,73
2012/1/9,209,84,293,180,116,73
2012/1/10,209,84,293,180,116,73
2012/1/11,209,84,293,180,116,73
2012/1/12,209,84,293,180,116,73
2012/1/13,209,84,293,180,116,73
2012/1/14,209,84,293,180,116,73
2012/1/15,209,84,293,180,116,73
2012/1/16,209,84,293,180,116,73
2012/1/17,209,84,293,180,116,73
2012/1/18,209,84,293,180,116,73
2012/1/19,209,84,293,180,116,73
2012/1/20,209,84,293,180,116,73
2012/1/21,209,84,293,180,116,73
2012/1/22,209,84,293,180,116,73
2012/1/23,209,84,293,180,116,73
2012/1/24,209,84,293,180,116,73
2012/1/25,209,84,293,180,116,73
2012/1/26,209,84,293,180,116,73
2012/1/27,209,84,293,180,116,73
2012/1/28,209,84,293,180,116,73
2012/1/29,209,84,293,180,116,73
2012/1/30,209,84,293,180,116,73
2012/1/31,209,84,293,180,116,73
2012/2/1,208,83,291,180,113,70
2012/2/2,208,83,291,180,113,70
2012/2/3,208,83,291,180,113,70
2012/2/4,208,83,291,180,113,70
2012/2/5,208,83,291,180,113,70
2012/2/6,208,83,291,180,113,70
2012/2/7,208,83,291,180,113,70
2012/2/8,208,83,291,180,113,70
2012/2/9,208,83,291,180,113,70
2012/2/10,208,83,291,180,113,70
2012/2/11,208,83,291,180,113,70
2012/2/12,208,83,291,180,113,70
2012/2/13,208,83,291,180,113,70
2012/2/14,208,83,291,180,113,70
2012/2/15,208,83,291,180,113,70
2012/2/16,208,83,291,180,113,70
2012/2/17,208,83,291,180,113,70
2012/2/18,208,83,291,180,113,70
2012/2/19,208,83,291,180,113,70
2012/2/20,208,83,291,180,113,70
2012/2/21,208,83,291,180,113,70
2012/2/22,208,83,291,180,113,70
2012/2/23,208,83,291,180,113,70
2012/2/24,208,83,291,180,113,70
2012/2/25,208,83,291,180,113,70
2012/2/26,208,83,291,180,113,70
2012/2/27,208,83,291,180,113,70
2012/2/28,208,83,291,180,113,70
2012/2/29,208,83,291,180,113,70
2012/3/1,203,88,291,180,113,68
2012/3/2,203,88,291,180,113,68
2012/3/3,203,88,291,180,113,68
2012/3/4,203,88,291,180,113,68
2012/3/5,203,88,291,180,113,68
2012/3/6,203,88,291,180,113,68
2012/3/7,203,88,291,180,113,68
2012/3/8,203,88,291,180,113,68
2012/3/9,203,88,291,180,113,68
2012/3/10,203,88,291,180,113,68
2012/3/11,203,88,291,180,113,68
2012/3/12,203,88,291,180,113,68
2012/3/13,203,88,291,180,113,68
2012/3/14,203,88,291,180,113,68
2012/3/15,203,88,291,180,113,68
2012/3/16,203,88,291,180,113,68
2012/3/17,203,88,291,180,113,68
2012/3/18,203,88,291,180,113,68
2012/3/19,203,88,291,180,113,68
2012/3/20,203,88,291,180,113,68
2012/3/21,203,88,291,180,113,68
2012/3/22,203,88,291,180,113,68
2012/3/23,203,88,291,180,113,68
2012/3/24,203,88,291,180,113,68
2012/3/25,203,88,291,180,113,68
2012/3/26,203,88,291,180,113,68
2012/3/27,203,88,291,180,113,68
2012/3/28,203,88,291,180,113,68
2012/3/29,203,88,291,180,113,68
2012/3/30,203,88,291,180,113,68
2012/3/31,203,88,291,180,113,68
2012/4/1,213,78,291,181,112,67
2012/4/2,213,78,291,181,112,67
2012/4/3,213,78,291,181,112,67
2012/4/4,213,78,291,181,112,67
2012/4/5,213,78,291,181,112,67
2012/4/6,213,78,291,181,112,67
2012/4/7,213,78,291,181,112,67
2012/4/8,213,78,291,181,112,67
2012/4/9,213,78,291,181,112,67
2012/4/10,213,78,291,181,112,67
2012/4/11,213,78,291,181,112,67
2012/4/12,213,78,291,181,112,67
2012/4/13,213,78,291,181,112,67
2012/4/14,213,78,291,181,112,67
2012/4/15,213,78,291,181,112,67
2012/4/16,213,78,291,181,112,67
2012/4/17,213,78,291,181,112,67
2012/4/18,213,78,291,181,112,67
2012/4/19,213,78,291,181,112,67
2012/4/20,213,78,291,181,112,67
2012/4/21,213,78,291,181,112,67
2012/4/22,213,78,291,181,112,67
2012/4/23,213,78,291,181,112,67
2012/4/24,213,78,291,181,112,67
2012/4/25,213,78,291,181,112,67
2012/4/26,213,78,291,181,112,67
2012/4/27,213,78,291,181,112,67
2012/4/28,213,78,291,181,112,67
2012/4/29,213,78,291,181,112,67
2012/4/30,213,78,291,181,112,67
2012/5/1,204,79,283,174,110,67
2012/5/2,204,79,283,174,110,67
2012/5/3,204,79,283,174,110,67
2012/5/4,204,79,283,174,110,67
2012/5/5,204,79,283,174,110,67
2012/5/6,204,79,283,174,110,67
2012/5/7,204,79,283,174,110,67
2012/5/8,204,79,283,174,110,67
2012/5/9,204,79,283,174,110,67
2012/5/10,204,79,283,174,110,67
2012/5/11,204,79,283,174,110,67
2012/5/12,204,79,283,174,110,67
2012/5/13,204,79,283,174,110,67
2012/5/14,204,79,283,174,110,67
2012/5/15,204,79,283,174,110,67
2012/5/16,204,79,283,174,110,67
2012/5/17,204,79,283,174,110,67
2012/5/18,204,79,283,174,110,67
2012/5/19,204,79,283,174,110,67
2012/5/20,204,79,283,174,110,67
2012/5/21,204,79,283,174,110,67
2012/5/22,204,79,283,174,110,67
2012/5/23,204,79,283,174,110,67
2012/5/24,204,79,283,174,110,67
2012/5/25,204,79,283,174,110,67
2012/5/26,204,79,283,174,110,67
2012/5/27,204,79,283,174,110,67
2012/5/28,204,79,283,174,110,67
2012/5/29,204,79,283,174,110,67
2012/5/30,204,79,283,174,110,67
2012/5/31,204,79,283,174,110,67
2012/6/1,208,72,280,173,107,68
2012/6/2,208,72,280,173,107,68
2012/6/3,208,72,280,173,107,68
2012/6/4,208,72,280,173,107,68
2012/6/5,208,72,280,173,107,68
2012/6/6,208,72,280,173,107,68
2012/6/7,208,72,280,173,107,68
2012/6/8,208,72,280,173,107,68
2012/6/9,208,72,280,173,107,68
2012/6/10,208,72,280,173,107,68
2012/6/11,208,72,280,173,107,68
2012/6/12,208,72,280,173,107,68
2012/6/13,208,72,280,173,107,68
2012/6/14,208,72,280,173,107,68
2012/6/15,208,72,280,173,107,68
2012/6/16,208,72,280,173,107,68
2012/6/17,208,72,280,173,107,68
2012/6/18,208,72,280,173,107,68
2012/6/19,208,72,280,173,107,68
2012/6/20,208,72,280,173,107,68
2012/6/21,208,72,280,173,107,68
2012/6/22,208,72,280,173,107,68
2012/6/23,208,72,280,173,107,68
2012/6/24,208,72,280,173,107,68
2012/6/25,208,72,280,173,107,68
2012/6/26,208,72,280,173,107,68
2012/6/27,208,72,280,173,107,68
2012/6/28,208,72,280,173,107,68
2012/6/29,208,72,280,173,107,68
2012/6/30,208,72,280,173,107,68
2012/7/1,199,80,279,173,109,64
2012/7/2,199,80,279,173,109,64
2012/7/3,199,80,279,173,109,64
2012/7/4,199,80,279,173,109,64
2012/7/5,199,80,279,173,109,64
2012/7/6,199,80,279,173,109,64
2012/7/7,199,80,279,173,109,64
2012/7/8,199,80,279,173,109,64
2012/7/9,199,80,279,173,109,64
2012/7/10,199,80,279,173,109,64
2012/7/11,199,80,279,173,109,64
2012/7/12,199,80,279,173,109,64
2012/7/13,199,80,279,173,109,64
2012/7/14,199,80,279,173,109,64
2012/7/15,199,80,279,173,109,64
2012/7/16,199,80,279,173,109,64
2012/7/17,199,80,279,173,109,64
2012/7/18,199,80,279,173,109,64
2012/7/19,199,80,279,173,109,64
2012/7/20,199,80,279,173,109,64
2012/7/21,199,80,279,173,109,64
2012/7/22,199,80,279,173,109,64
2012/7/23,199,80,279,173,109,64
2012/7/24,199,80,279,173,109,64
2012/7/25,199,80,279,173,109,64
2012/7/26,199,80,279,173,109,64
2012/7/27,199,80,279,173,109,64
2012/7/28,199,80,279,173,109,64
2012/7/29,199,80,279,173,109,64
2012/7/30,199,80,279,173,109,64
2012/7/31,199,80,279,173,109,64
2012/8/1,199,71,270,169,103,62
2012/8/2,199,71,270,169,103,62
2012/8/3,199,71,270,169,103,62
2012/8/4,199,71,270,169,103,62
2012/8/5,199,71,270,169,103,62
2012/8/6,199,71,270,169,103,62
2012/8/7,199,71,270,169,103,62
2012/8/8,199,71,270,169,103,62
2012/8/9,199,71,270,169,103,62
2012/8/10,199,71,270,169,103,62
2012/8/11,199,71,270,169,103,62
2012/8/12,199,71,270,169,103,62
2012/8/13,199,71,270,169,103,62
2012/8/14,199,71,270,169,103,62
2012/8/15,199,71,270,169,103,62
2012/8/16,199,71,270,169,103,62
2012/8/17,199,71,270,169,103,62
2012/8/18,199,71,270,169,103,62
2012/8/19,199,71,270,169,103,62
2012/8/20,199,71,270,169,103,62
2012/8/21,199,71,270,169,103,62
2012/8/22,199,71,270,169,103,62
2012/8/23,199,71,270,169,103,62
2012/8/24,199,71,270,169,103,62
2012/8/25,199,71,270,169,103,62
2012/8/26,199,71,270,169,103,62
2012/8/27,199,71,270,169,103,62
2012/8/28,199,71,270,169,103,62
2012/8/29,199,71,270,169,103,62
2012/8/30,199,71,270,169,103,62
2012/8/31,199,71,270,169,103,62
2012/9/1,199,72,271,169,104,62
2012/9/2,199,72,271,169,104,62
2012/9/3,199,72,271,169,104,62
2012/9/4,199,72,271,169,104,62
2012/9/5,199,72,271,169,104,62
2012/9/6,199,72,271,169,104,62
2012/9/7,199,72,271,169,104,62
2012/9/8,199,72,271,169,104,62
2012/9/9,199,72,271,169,104,62
2012/9/10,199,72,271,169,104,62
2012/9/11,199,72,271,169,104,62
2012/9/12,199,72,271,169,104,62
2012/9/13,199,72,271,169,104,62
2012/9/14,199,72,271,169,104,62
2012/9/15,199,72,271,169,104,62
2012/9/16,199,72,271,169,104,62
2012/9/17,199,72,271,169,104,62
2012/9/18,199,72,271,169,104,62
2012/9/19,199,72,271,169,104,62
2012/9/20,199,72,271,169,104,62
2012/9/21,199,72,271,169,104,62
2012/9/22,199,72,271,169,104,62
2012/9/23,199,72,271,169,104,62
2012/9/24,199,72,271,169,104,62
2012/9/25,199,72,271,169,104,62
2012/9/26,199,72,271,169,104,62
2012/9/27,199,72,271,169,104,62
2012/9/28,199,72,271,169,104,62
2012/9/29,199,72,271,169,104,62
2012/9/30,199,72,271,169,104,62
2012/10/1,193,76,269,163,106,56
2012/10/2,193,76,269,163,106,56
2012/10/3,193,76,269,163,106,56
2012/10/4,193,76,269,163,106,56
2012/10/5,193,76,269,163,106,56
2012/10/6,193,76,269,163,106,56
2012/10/7,193,76,269,163,106,56
2012/10/8,193,76,269,163,106,56
2012/10/9,193,76,269,163,106,56
2012/10/10,193,76,269,163,106,56
2012/10/11,193,76,269,163,106,56
2012/10/12,193,76,269,163,106,56
2012/10/13,193,76,269,163,106,56
2012/10/14,193,76,269,163,106,56
2012/10/15,193,76,269,163,106,56
2012/10/16,193,76,269,163,106,56
2012/10/17,193,76,269,163,106,56
2012/10/18,193,76,269,163,106,56
2012/10/19,193,76,269,163,106,56
2012/10/20,193,76,269,163,106,56
2012/10/21,193,76,269,163,106,56
2012/10/22,193,76,269,163,106,56
2012/10/23,193,76,269,163,106,56
2012/10/24,193,76,269,163,106,56
2012/10/25,193,76,269,163,106,56
2012/10/26,193,76,269,163,106,56
2012/10/27,193,76,269,163,106,56
2012/10/28,193,76,269,163,106,56
2012/10/29,193,76,269,163,106,56
2012/10/30,193,76,269,163,106,56
2012/10/31,193,76,269,163,106,56
2012/11/1,194,71,265,164,103,60
2012/11/2,194,71,265,164,103,60
2012/11/3,194,71,265,164,103,60
2012/11/4,194,71,265,164,103,60
2012/11/5,194,71,265,164,103,60
2012/11/6,194,71,265,164,103,60
2012/11/7,194,71,265,164,103,60
2012/11/8,194,71,265,164,103,60
2012/11/9,194,71,265,164,103,60
2012/11/10,194,71,265,164,103,60
2012/11/11,194,71,265,164,103,60
2012/11/12,194,71,265,164,103,60
2012/11/13,194,71,265,164,103,60
2012/11/14,194,71,265,164,103,60
2012/11/15,194,71,265,164,103,60
2012/11/16,194,71,265,164,103,60
2012/11/17,194,71,265,164,103,60
2012/11/18,194,71,265,164,103,60
2012/11/19,194,71,265,164,103,60
2012/11/20,194,71,265,164,103,60
2012/11/21,194,71,265,164,103,60
2012/11/22,194,71,265,164,103,60
2012/11/23,194,71,265,164,103,60
2012/11/24,194,71,265,164,103,60
2012/11/25,194,71,265,164,103,60
2012/11/26,194,71,265,164,103,60
2012/11/27,194,71,265,164,103,60
2012/11/28,194,71,265,164,103,60
2012/11/29,194,71,265,164,103,60
2012/11/30,194,71,265,164,103,60
2012/12/1,199,76,275,170,106,68
2012/12/2,199,76,275,170,106,68
2012/12/3,199,76,275,170,106,68
2012/12/4,199,76,275,170,106,68
2012/12/5,199,76,275,170,106,68
2012/12/6,199,76,275,170,106,68
2012/12/7,199,76,275,170,106,68
2012/12/8,199,76,275,170,106,68
2012/12/9,199,76,275,170,106,68
2012/12/10,199,76,275,170,106,68
2012/12/11,199,76,275,170,106,68
2012/12/12,199,76,275,170,106,68
2012/12/13,199,76,275,170,106,68
2012/12/14,199,76,275,170,106,68
2012/12/15,199,76,275,170,106,68
2012/12/16,199,76,275,170,106,68
2012/12/17,199,76,275,170,106,68
2012/12/18,199,76,275,170,106,68
2012/12/19,199,76,275,170,106,68
2012/12/20,199,76,275,170,106,68
2012/12/21,199,76,275,170,106,68
2012/12/22,199,76,275,170,106,68
2012/12/23,199,76,275,170,106,68
2012/12/24,199,76,275,170,106,68
2012/12/25,199,76,275,170,106,68
2012/12/26,199,76,275,170,106,68
2012/12/27,199,76,275,170,106,68
2012/12/28,199,76,275,170,106,68
2012/12/29,199,76,275,170,106,68
2012/12/30,199,76,275,170,106,68
2012/12/31,199,76,275,170,106,68
2013/1/1,199,75,274,172,103,64
2013/1/2,199,75,274,172,103,64
2013/1/3,199,75,274,172,103,64
2013/1/4,199,75,274,172,103,64
2013/1/5,199,75,274,172,103,64
2013/1/6,199,75,274,172,103,64
2013/1/7,199,75,274,172,103,64
2013/1/8,199,75,274,172,103,64
2013/1/9,199,75,274,172,103,64
2013/1/10,199,75,274,172,103,64
2013/1/11,199,75,274,172,103,64
2013/1/12,199,75,274,172,103,64
2013/1/13,199,75,274,172,103,64
2013/1/14,199,75,274,172,103,64
2013/1/15,199,75,274,172,103,64
2013/1/16,199,75,274,172,103,64
2013/1/17,199,75,274,172,103,64
2013/1/18,199,75,274,172,103,64
2013/1/19,199,75,274,172,103,64
2013/1/20,199,75,274,172,103,64
2013/1/21,199,75,274,172,103,64
2013/1/22,199,75,274,172,103,64
2013/1/23,199,75,274,172,103,64
2013/1/24,199,75,274,172,103,64
2013/1/25,199,75,274,172,103,64
2013/1/26,199,75,274,172,103,64
2013/1/27,199,75,274,172,103,64
2013/1/28,199,75,274,172,103,64
2013/1/29,199,75,274,172,103,64
2013/1/30,199,75,274,172,103,64
2013/1/31,199,75,274,172,103,64
2013/2/1,197,79,276,172,107,59
2013/2/2,197,79,276,172,107,59
2013/2/3,197,79,276,172,107,59
2013/2/4,197,79,276,172,107,59
2013/2/5,197,79,276,172,107,59
2013/2/6,197,79,276,172,107,59
2013/2/7,197,79,276,172,107,59
2013/2/8,197,79,276,172,107,59
2013/2/9,197,79,276,172,107,59
2013/2/10,197,79,276,172,107,59
2013/2/11,197,79,276,172,107,59
2013/2/12,197,79,276,172,107,59
2013/2/13,197,79,276,172,107,59
2013/2/14,197,79,276,172,107,59
2013/2/15,197,79,276,172,107,59
2013/2/16,197,79,276,172,107,59
2013/2/17,197,79,276,172,107,59
2013/2/18,197,79,276,172,107,59
2013/2/19,197,79,276,172,107,59
2013/2/20,197,79,276,172,107,59
2013/2/21,197,79,276,172,107,59
2013/2/22,197,79,276,172,107,59
2013/2/23,197,79,276,172,107,59
2013/2/24,197,79,276,172,107,59
2013/2/25,197,79,276,172,107,59
2013/2/26,197,79,276,172,107,59
2013/2/27,197,79,276,172,107,59
2013/2/28,197,79,276,172,107,59
2013/3/1,197,71,268,172,97,59
2013/3/2,197,71,268,172,97,59
2013/3/3,197,71,268,172,97,59
2013/3/4,197,71,268,172,97,59
2013/3/5,197,71,268,172,97,59
2013/3/6,197,71,268,172,97,59
2013/3/7,197,71,268,172,97,59
2013/3/8,197,71,268,172,97,59
2013/3/9,197,71,268,172,97,59
2013/3/10,197,71,268,172,97,59
2013/3/11,197,71,268,172,97,59
2013/3/12,197,71,268,172,97,59
2013/3/13,197,71,268,172,97,59
2013/3/14,197,71,268,172,97,59
2013/3/15,197,71,268,172,97,59
2013/3/16,197,71,268,172,97,59
2013/3/17,197,71,268,172,97,59
2013/3/18,197,71,268,172,97,59
2013/3/19,197,71,268,172,97,59
2013/3/20,197,71,268,172,97,59
2013/3/21,197,71,268,172,97,59
2013/3/22,197,71,268,172,97,59
2013/3/23,197,71,268,172,97,59
2013/3/24,197,71,268,172,97,59
2013/3/25,197,71,268,172,97,59
2013/3/26,197,71,268,172,97,59
2013/3/27,197,71,268,172,97,59
2013/3/28,197,71,268,172,97,59
2013/3/29,197,71,268,172,97,59
2013/3/30,197,71,268,172,97,59
2013/3/31,197,71,268,172,97,59
2013/4/1,191,75,266,167,104,59
2013/4/2,191,75,266,167,104,59
2013/4/3,191,75,266,167,104,59
2013/4/4,191,75,266,167,104,59
2013/4/5,191,75,266,167,104,59
2013/4/6,191,75,266,167,104,59
2013/4/7,191,75,266,167,104,59
2013/4/8,191,75,266,167,104,59
2013/4/9,191,75,266,167,104,59
2013/4/10,191,75,266,167,104,59
2013/4/11,191,75,266,167,104,59
2013/4/12,191,75,266,167,104,59
2013/4/13,191,75,266,167,104,59
2013/4/14,191,75,266,167,104,59
2013/4/15,191,75,266,167,104,59
2013/4/16,191,75,266,167,104,59
2013/4/17,191,75,266,167,104,59
2013/4/18,191,75,266,167,104,59
2013/4/19,191,75,266,167,104,59
2013/4/20,191,75,266,167,104,59
2013/4/21,191,75,266,167,104,59
2013/4/22,191,75,266,167,104,59
2013/4/23,191,75,266,167,104,59
2013/4/24,191,75,266,167,104,59
2013/4/25,191,75,266,167,104,59
2013/4/26,191,75,266,167,104,59
2013/4/27,191,75,266,167,104,59
2013/4/28,191,75,266,167,104,59
2013/4/29,191,75,266,167,104,59
2013/4/30,191,75,266,167,104,59
2013/5/1,194,74,268,165,105,59
2013/5/2,194,74,268,165,105,59
2013/5/3,194,74,268,165,105,59
2013/5/4,194,74,268,165,105,59
2013/5/5,194,74,268,165,105,59
2013/5/6,194,74,268,165,105,59
2013/5/7,194,74,268,165,105,59
2013/5/8,194,74,268,165,105,59
2013/5/9,194,74,268,165,105,59
2013/5/10,194,74,268,165,105,59
2013/5/11,194,74,268,165,105,59
2013/5/12,194,74,268,165,105,59
2013/5/13,194,74,268,165,105,59
2013/5/14,194,74,268,165,105,59
2013/5/15,194,74,268,165,105,59
2013/5/16,194,74,268,165,105,59
2013/5/17,194,74,268,165,105,59
2013/5/18,194,74,268,165,105,59
2013/5/19,194,74,268,165,105,59
2013/5/20,194,74,268,165,105,59
2013/5/21,194,74,268,165,105,59
2013/5/22,194,74,268,165,105,59
2013/5/23,194,74,268,165,105,59
2013/5/24,194,74,268,165,105,59
2013/5/25,194,74,268,165,105,59
2013/5/26,194,74,268,165,105,59
2013/5/27,194,74,268,165,105,59
2013/5/28,194,74,268,165,105,59
2013/5/29,194,74,268,165,105,59
2013/5/30,194,74,268,165,105,59
2013/5/31,194,74,268,165,105,59
2013/6/1,182,71,253,160,95,53
2013/6/2,182,71,253,160,95,53
2013/6/3,182,71,253,160,95,53
2013/6/4,182,71,253,160,95,53
2013/6/5,182,71,253,160,95,53
2013/6/6,182,71,253,160,95,53
2013/6/7,182,71,253,160,95,53
2013/6/8,182,71,253,160,95,53
2013/6/9,182,71,253,160,95,53
2013/6/10,182,71,253,160,95,53
2013/6/11,182,71,253,160,95,53
2013/6/12,182,71,253,160,95,53
2013/6/13,182,71,253,160,95,53
2013/6/14,182,71,253,160,95,53
2013/6/15,182,71,253,160,95,53
2013/6/16,182,71,253,160,95,53
2013/6/17,182,71,253,160,95,53
2013/6/18,182,71,253,160,95,53
2013/6/19,182,71,253,160,95,53
2013/6/20,182,71,253,160,95,53
2013/6/21,182,71,253,160,95,53
2013/6/22,182,71,253,160,95,53
2013/6/23,182,71,253,160,95,53
2013/6/24,182,71,253,160,95,53
2013/6/25,182,71,253,160,95,53
2013/6/26,182,71,253,160,95,53
2013/6/27,182,71,253,160,95,53
2013/6/28,182,71,253,160,95,53
2013/6/29,182,71,253,160,95,53
2013/6/30,182,71,253,160,95,53
2013/7/1,180,70,250,161,89,53
2013/7/2,180,70,250,161,89,53
2013/7/3,180,70,250,161,89,53
2013/7/4,180,70,250,161,89,53
2013/7/5,180,70,250,161,89,53
2013/7/6,180,70,250,161,89,53
2013/7/7,180,70,250,161,89,53
2013/7/8,180,70,250,161,89,53
2013/7/9,180,70,250,161,89,53
2013/7/10,180,70,250,161,89,53
2013/7/11,180,70,250,161,89,53
2013/7/12,180,70,250,161,89,53
2013/7/13,180,70,250,161,89,53
2013/7/14,180,70,250,161,89,53
2013/7/15,180,70,250,161,89,53
2013/7/16,180,70,250,161,89,53
2013/7/17,180,70,250,161,89,53
2013/7/18,180,70,250,161,89,53
2013/7/19,180,70,250,161,89,53
2013/7/20,180,70,250,161,89,53
2013/7/21,180,70,250,161,89,53
2013/7/22,180,70,250,161,89,53
2013/7/23,180,70,250,161,89,53
2013/7/24,180,70,250,161,89,53
2013/7/25,180,70,250,161,89,53
2013/7/26,180,70,250,161,89,53
2013/7/27,180,70,250,161,89,53
2013/7/28,180,70,250,161,89,53
2013/7/29,180,70,250,161,89,53
2013/7/30,180,70,250,161,89,53
2013/7/31,180,70,250,161,89,53
2013/8/1,187,79,266,167,100,61
2013/8/2,187,79,266,167,100,61
2013/8/3,187,79,266,167,100,61
2013/8/4,187,79,266,167,100,61
2013/8/5,187,79,266,167,100,61
2013/8/6,187,79,266,167,100,61
2013/8/7,187,79,266,167,100,61
2013/8/8,187,79,266,167,100,61
2013/8/9,187,79,266,167,100,61
2013/8/10,187,79,266,167,100,61
2013/8/11,187,79,266,167,100,61
2013/8/12,187,79,266,167,100,61
2013/8/13,187,79,266,167,100,61
2013/8/14,187,79,266,167,100,61
2013/8/15,187,79,266,167,100,61
2013/8/16,187,79,266,167,100,61
2013/8/17,187,79,266,167,100,61
2013/8/18,187,79,266,167,100,61
2013/8/19,187,79,266,167,100,61
2013/8/20,187,79,266,167,100,61
2013/8/21,187,79,266,167,100,61
2013/8/22,187,79,266,167,100,61
2013/8/23,187,79,266,167,100,61
2013/8/24,187,79,266,167,100,61
2013/8/25,187,79,266,167,100,61
2013/8/26,187,79,266,167,100,61
2013/8/27,187,79,266,167,100,61
2013/8/28,187,79,266,167,100,61
2013/8/29,187,79,266,167,100,61
2013/8/30,187,79,266,167,100,61
2013/8/31,187,79,266,167,100,61
2013/9/1,180,77,257,161,97,61
2013/9/2,180,77,257,161,97,61
2013/9/3,180,77,257,161,97,61
2013/9/4,180,77,257,161,97,61
2013/9/5,180,77,257,161,97,61
2013/9/6,180,77,257,161,97,61
2013/9/7,180,77,257,161,97,61
2013/9/8,180,77,257,161,97,61
2013/9/9,180,77,257,161,97,61
2013/9/10,180,77,257,161,97,61
2013/9/11,180,77,257,161,97,61
2013/9/12,180,77,257,161,97,61
2013/9/13,180,77,257,161,97,61
2013/9/14,180,77,257,161,97,61
2013/9/15,180,77,257,161,97,61
2013/9/16,180,77,257,161,97,61
2013/9/17,180,77,257,161,97,61
2013/9/18,180,77,257,161,97,61
2013/9/19,180,77,257,161,97,61
2013/9/20,180,77,257,161,97,61
2013/9/21,180,77,257,161,97,61
2013/9/22,180,77,257,161,97,61
2013/9/23,180,77,257,161,97,61
2013/9/24,180,77,257,161,97,61
2013/9/25,180,77,257,161,97,61
2013/9/26,180,77,257,161,97,61
2013/9/27,180,77,257,161,97,61
2013/9/28,180,77,257,161,97,61
2013/9/29,180,77,257,161,97,61
2013/9/30,180,77,257,161,97,61
2013/10/1,184,78,262,161,103,60
2013/10/2,184,78,262,161,103,60
2013/10/3,184,78,262,161,103,60
2013/10/4,184,78,262,161,103,60
2013/10/5,184,78,262,161,103,60
2013/10/6,184,78,262,161,103,60
2013/10/7,184,78,262,161,103,60
2013/10/8,184,78,262,161,103,60
2013/10/9,184,78,262,161,103,60
2013/10/10,184,78,262,161,103,60
2013/10/11,184,78,262,161,103,60
2013/10/12,184,78,262,161,103,60
2013/10/13,184,78,262,161,103,60
2013/10/14,184,78,262,161,103,60
2013/10/15,184,78,262,161,103,60
2013/10/16,184,78,262,161,103,60
2013/10/17,184,78,262,161,103,60
2013/10/18,184,78,262,161,103,60
2013/10/19,184,78,262,161,103,60
2013/10/20,184,78,262,161,103,60
2013/10/21,184,78,262,161,103,60
2013/10/22,184,78,262,161,103,60
2013/10/23,184,78,262,161,103,60
2013/10/24,184,78,262,161,103,60
2013/10/25,184,78,262,161,103,60
2013/10/26,184,78,262,161,103,60
2013/10/27,184,78,262,161,103,60
2013/10/28,184,78,262,161,103,60
2013/10/29,184,78,262,161,103,60
2013/10/30,184,78,262,161,103,60
2013/10/31,184,78,262,161,103,60
2013/11/1,184,72,256,156,100,60
2013/11/2,184,72,256,156,100,60
2013/11/3,184,72,256,156,100,60
2013/11/4,184,72,256,156,100,60
2013/11/5,184,72,256,156,100,60
2013/11/6,184,72,256,156,100,60
2013/11/7,184,72,256,156,100,60
2013/11/8,184,72,256,156,100,60
2013/11/9,184,72,256,156,100,60
2013/11/10,184,72,256,156,100,60
2013/11/11,184,72,256,156,100,60
2013/11/12,184,72,256,156,100,60
2013/11/13,184,72,256,156,100,60
2013/11/14,184,72,256,156,100,60
2013/11/15,184,72,256,156,100,60
2013/11/16,184,72,256,156,100,60
2013/11/17,184,72,256,156,100,60
2013/11/18,184,72,256,156,100,60
2013/11/19,184,72,256,156,100,60
2013/11/20,184,72,256,156,100,60
2013/11/21,184,72,256,156,100,60
2013/11/22,184,72,256,156,100,60
2013/11/23,184,72,256,156,100,60
2013/11/24,184,72,256,156,100,60
2013/11/25,184,72,256,156,100,60
2013/11/26,184,72,256,156,100,60
2013/11/27,184,72,256,156,100,60
2013/11/28,184,72,256,156,100,60
2013/11/29,184,72,256,156,100,60
2013/11/30,184,72,256,156,100,60
2013/12/1,170,67,237,144,96,50
2013/12/2,170,67,237,144,96,50
2013/12/3,170,67,237,144,96,50
2013/12/4,170,67,237,144,96,50
2013/12/5,170,67,237,144,96,50
2013/12/6,170,67,237,144,96,50
2013/12/7,170,67,237,144,96,50
2013/12/8,170,67,237,144,96,50
2013/12/9,170,67,237,144,96,50
2013/12/10,170,67,237,144,96,50
2013/12/11,170,67,237,144,96,50
2013/12/12,170,67,237,144,96,50
2013/12/13,170,67,237,144,96,50
2013/12/14,170,67,237,144,96,50
2013/12/15,170,67,237,144,96,50
2013/12/16,170,67,237,144,96,50
2013/12/17,170,67,237,144,96,50
2013/12/18,170,67,237,144,96,50
2013/12/19,170,67,237,144,96,50
2013/12/20,170,67,237,144,96,50
2013/12/21,170,67,237,144,96,50
2013/12/22,170,67,237,144,96,50
2013/12/23,170,67,237,144,96,50
2013/12/24,170,67,237,144,96,50
2013/12/25,170,67,237,144,96,50
2013/12/26,170,67,237,144,96,50
2013/12/27,170,67,237,144,96,50
2013/12/28,170,67,237,144,96,50
2013/12/29,170,67,237,144,96,50
2013/12/30,170,67,237,144,96,50
2013/12/31,170,67,237,144,96,50
2014/1/1,167,69,236,145,95,48
2014/1/2,167,69,236,145,95,48
2014/1/3,167,69,236,145,95,48
2014/1/4,167,69,236,145,95,48
2014/1/5,167,69,236,145,95,48
2014/1/6,167,69,236,145,95,48
2014/1/7,167,69,236,145,95,48
2014/1/8,167,69,236,145,95,48
2014/1/9,167,69,236,145,95,48
2014/1/10,167,69,236,145,95,48
2014/1/11,167,69,236,145,95,48
2014/1/12,167,69,236,145,95,48
2014/1/13,167,69,236,145,95,48
2014/1/14,167,69,236,145,95,48
2014/1/15,167,69,236,145,95,48
2014/1/16,167,69,236,145,95,48
2014/1/17,167,69,236,145,95,48
2014/1/18,167,69,236,145,95,48
2014/1/19,167,69,236,145,95,48
2014/1/20,167,69,236,145,95,48
2014/1/21,167,69,236,145,95,48
2014/1/22,167,69,236,145,95,48
2014/1/23,167,69,236,145,95,48
2014/1/24,167,69,236,145,95,48
2014/1/25,167,69,236,145,95,48
2014/1/26,167,69,236,145,95,48
2014/1/27,167,69,236,145,95,48
2014/1/28,167,69,236,145,95,48
2014/1/29,167,69,236,145,95,48
2014/1/30,167,69,236,145,95,48
2014/1/31,167,69,236,145,95,48
2014/2/1,167,66,233,141,91,51
2014/2/2,167,66,233,141,91,51
2014/2/3,167,66,233,141,91,51
2014/2/4,167,66,233,141,91,51
2014/2/5,167,66,233,141,91,51
2014/2/6,167,66,233,141,91,51
2014/2/7,167,66,233,141,91,51
2014/2/8,167,66,233,141,91,51
2014/2/9,167,66,233,141,91,51
2014/2/10,167,66,233,141,91,51
2014/2/11,167,66,233,141,91,51
2014/2/12,167,66,233,141,91,51
2014/2/13,167,66,233,141,91,51
2014/2/14,167,66,233,141,91,51
2014/2/15,167,66,233,141,91,51
2014/2/16,167,66,233,141,91,51
2014/2/17,167,66,233,141,91,51
2014/2/18,167,66,233,141,91,51
2014/2/19,167,66,233,141,91,51
2014/2/20,167,66,233,141,91,51
2014/2/21,167,66,233,141,91,51
2014/2/22,167,66,233,141,91,51
2014/2/23,167,66,233,141,91,51
2014/2/24,167,66,233,141,91,51
2014/2/25,167,66,233,141,91,51
2014/2/26,167,66,233,141,91,51
2014/2/27,167,66,233,141,91,51
2014/2/28,167,66,233,141,91,51
2014/3/1,169,67,236,143,94,52
2014/3/2,169,67,236,143,94,52
2014/3/3,169,67,236,143,94,52
2014/3/4,169,67,236,143,94,52
2014/3/5,169,67,236,143,94,52
2014/3/6,169,67,236,143,94,52
2014/3/7,169,67,236,143,94,52
2014/3/8,169,67,236,143,94,52
2014/3/9,169,67,236,143,94,52
2014/3/10,169,67,236,143,94,52
2014/3/11,169,67,236,143,94,52
2014/3/12,169,67,236,143,94,52
2014/3/13,169,67,236,143,94,52
2014/3/14,169,67,236,143,94,52
2014/3/15,169,67,236,143,94,52
2014/3/16,169,67,236,143,94,52
2014/3/17,169,67,236,143,94,52
2014/3/18,169,67,236,143,94,52
2014/3/19,169,67,236,143,94,52
2014/3/20,169,67,236,143,94,52
2014/3/21,169,67,236,143,94,52
2014/3/22,169,67,236,143,94,52
2014/3/23,169,67,236,143,94,52
2014/3/24,169,67,236,143,94,52
2014/3/25,169,67,236,143,94,52
2014/3/26,169,67,236,143,94,52
2014/3/27,169,67,236,143,94,52
2014/3/28,169,67,236,143,94,52
2014/3/29,169,67,236,143,94,52
2014/3/30,169,67,236,143,94,52
2014/3/31,169,67,236,143,94,52
2014/4/1,166,68,234,145,90,54
2014/4/2,166,68,234,145,90,54
2014/4/3,166,68,234,145,90,54
2014/4/4,166,68,234,145,90,54
2014/4/5,166,68,234,145,90,54
2014/4/6,166,68,234,145,90,54
2014/4/7,166,68,234,145,90,54
2014/4/8,166,68,234,145,90,54
2014/4/9,166,68,234,145,90,54
2014/4/10,166,68,234,145,90,54
2014/4/11,166,68,234,145,90,54
2014/4/12,166,68,234,145,90,54
2014/4/13,166,68,234,145,90,54
2014/4/14,166,68,234,145,90,54
2014/4/15,166,68,234,145,90,54
2014/4/16,166,68,234,145,90,54
2014/4/17,166,68,234,145,90,54
2014/4/18,166,68,234,145,90,54
2014/4/19,166,68,234,145,90,54
2014/4/20,166,68,234,145,90,54
2014/4/21,166,68,234,145,90,54
2014/4/22,166,68,234,145,90,54
2014/4/23,166,68,234,145,90,54
2014/4/24,166,68,234,145,90,54
2014/4/25,166,68,234,145,90,54
2014/4/26,166,68,234,145,90,54
2014/4/27,166,68,234,145,90,54
2014/4/28,166,68,234,145,90,54
2014/4/29,166,68,234,145,90,54
2014/4/30,166,68,234,145,90,54
2014/5/1,162,71,233,141,92,51
2014/5/2,162,71,233,141,92,51
2014/5/3,162,71,233,141,92,51
2014/5/4,162,71,233,141,92,51
2014/5/5,162,71,233,141,92,51
2014/5/6,162,71,233,141,92,51
2014/5/7,162,71,233,141,92,51
2014/5/8,162,71,233,141,92,51
2014/5/9,162,71,233,141,92,51
2014/5/10,162,71,233,141,92,51
2014/5/11,162,71,233,141,92,51
2014/5/12,162,71,233,141,92,51
2014/5/13,162,71,233,141,92,51
2014/5/14,162,71,233,141,92,51
2014/5/15,162,71,233,141,92,51
2014/5/16,162,71,233,141,92,51
2014/5/17,162,71,233,141,92,51
2014/5/18,162,71,233,141,92,51
2014/5/19,162,71,233,141,92,51
2014/5/20,162,71,233,141,92,51
2014/5/21,162,71,233,141,92,51
2014/5/22,162,71,233,141,92,51
2014/5/23,162,71,233,141,92,51
2014/5/24,162,71,233,141,92,51
2014/5/25,162,71,233,141,92,51
2014/5/26,162,71,233,141,92,51
2014/5/27,162,71,233,141,92,51
2014/5/28,162,71,233,141,92,51
2014/5/29,162,71,233,141,92,51
2014/5/30,162,71,233,141,92,51
2014/5/31,162,71,233,141,92,51
2014/6/1,169,70,239,146,94,51
2014/6/2,169,70,239,146,94,51
2014/6/3,169,70,239,146,94,51
2014/6/4,169,70,239,146,94,51
2014/6/5,169,70,239,146,94,51
2014/6/6,169,70,239,146,94,51
2014/6/7,169,70,239,146,94,51
2014/6/8,169,70,239,146,94,51
2014/6/9,169,70,239,146,94,51
2014/6/10,169,70,239,146,94,51
2014/6/11,169,70,239,146,94,51
2014/6/12,169,70,239,146,94,51
2014/6/13,169,70,239,146,94,51
2014/6/14,169,70,239,146,94,51
2014/6/15,169,70,239,146,94,51
2014/6/16,169,70,239,146,94,51
2014/6/17,169,70,239,146,94,51
2014/6/18,169,70,239,146,94,51
2014/6/19,169,70,239,146,94,51
2014/6/20,169,70,239,146,94,51
2014/6/21,169,70,239,146,94,51
2014/6/22,169,70,239,146,94,51
2014/6/23,169,70,239,146,94,51
2014/6/24,169,70,239,146,94,51
2014/6/25,169,70,239,146,94,51
2014/6/26,169,70,239,146,94,51
2014/6/27,169,70,239,146,94,51
2014/6/28,169,70,239,146,94,51
2014/6/29,169,70,239,146,94,51
2014/6/30,169,70,239,146,94,51
2014/7/1,169,73,242,145,97,55
2014/7/2,169,73,242,145,97,55
2014/7/3,169,73,242,145,97,55
2014/7/4,169,73,242,145,97,55
2014/7/5,169,73,242,145,97,55
2014/7/6,169,73,242,145,97,55
2014/7/7,169,73,242,145,97,55
2014/7/8,169,73,242,145,97,55
2014/7/9,169,73,242,145,97,55
2014/7/10,169,73,242,145,97,55
2014/7/11,169,73,242,145,97,55
2014/7/12,169,73,242,145,97,55
2014/7/13,169,73,242,145,97,55
2014/7/14,169,73,242,145,97,55
2014/7/15,169,73,242,145,97,55
2014/7/16,169,73,242,145,97,55
2014/7/17,169,73,242,145,97,55
2014/7/18,169,73,242,145,97,55
2014/7/19,169,73,242,145,97,55
2014/7/20,169,73,242,145,97,55
2014/7/21,169,73,242,145,97,55
2014/7/22,169,73,242,145,97,55
2014/7/23,169,73,242,145,97,55
2014/7/24,169,73,242,145,97,55
2014/7/25,169,73,242,145,97,55
2014/7/26,169,73,242,145,97,55
2014/7/27,169,73,242,145,97,55
2014/7/28,169,73,242,145,97,55
2014/7/29,169,73,242,145,97,55
2014/7/30,169,73,242,145,97,55
2014/7/31,169,73,242,145,97,55
2014/8/1,159,66,225,140,86,49
2014/8/2,159,66,225,140,86,49
2014/8/3,159,66,225,140,86,49
2014/8/4,159,66,225,140,86,49
2014/8/5,159,66,225,140,86,49
2014/8/6,159,66,225,140,86,49
2014/8/7,159,66,225,140,86,49
2014/8/8,159,66,225,140,86,49
2014/8/9,159,66,225,140,86,49
2014/8/10,159,66,225,140,86,49
2014/8/11,159,66,225,140,86,49
2014/8/12,159,66,225,140,86,49
2014/8/13,159,66,225,140,86,49
2014/8/14,159,66,225,140,86,49
2014/8/15,159,66,225,140,86,49
2014/8/16,159,66,225,140,86,49
2014/8/17,159,66,225,140,86,49
2014/8/18,159,66,225,140,86,49
2014/8/19,159,66,225,140,86,49
2014/8/20,159,66,225,140,86,49
2014/8/21,159,66,225,140,86,49
2014/8/22,159,66,225,140,86,49
2014/8/23,159,66,225,140,86,49
2014/8/24,159,66,225,140,86,49
2014/8/25,159,66,225,140,86,49
2014/8/26,159,66,225,140,86,49
2014/8/27,159,66,225,140,86,49
2014/8/28,159,66,225,140,86,49
2014/8/29,159,66,225,140,86,49
2014/8/30,159,66,225,140,86,49
2014/8/31,159,66,225,140,86,49
2014/9/1,163,66,229,139,92,46
2014/9/2,163,66,229,139,92,46
2014/9/3,163,66,229,139,92,46
2014/9/4,163,66,229,139,92,46
2014/9/5,163,66,229,139,92,46
2014/9/6,163,66,229,139,92,46
2014/9/7,163,66,229,139,92,46
2014/9/8,163,66,229,139,92,46
2014/9/9,163,66,229,139,92,46
2014/9/10,163,66,229,139,92,46
2014/9/11,163,66,229,139,92,46
2014/9/12,163,66,229,139,92,46
2014/9/13,163,66,229,139,92,46
2014/9/14,163,66,229,139,92,46
2014/9/15,163,66,229,139,92,46
2014/9/16,163,66,229,139,92,46
2014/9/17,163,66,229,139,92,46
2014/9/18,163,66,229,139,92,46
2014/9/19,163,66,229,139,92,46
2014/9/20,163,66,229,139,92,46
2014/9/21,163,66,229,139,92,46
2014/9/22,163,66,229,139,92,46
2014/9/23,163,66,229,139,92,46
2014/9/24,163,66,229,139,92,46
2014/9/25,163,66,229,139,92,46
2014/9/26,163,66,229,139,92,46
2014/9/27,163,66,229,139,92,46
2014/9/28,163,66,229,139,92,46
2014/9/29,163,66,229,139,92,46
2014/9/30,163,66,229,139,92,46
2014/10/1,164,67,231,144,89,51
2014/10/2,164,67,231,144,89,51
2014/10/3,164,67,231,144,89,51
2014/10/4,164,67,231,144,89,51
2014/10/5,164,67,231,144,89,51
2014/10/6,164,67,231,144,89,51
2014/10/7,164,67,231,144,89,51
2014/10/8,164,67,231,144,89,51
2014/10/9,164,67,231,144,89,51
2014/10/10,164,67,231,144,89,51
2014/10/11,164,67,231,144,89,51
2014/10/12,164,67,231,144,89,51
2014/10/13,164,67,231,144,89,51
2014/10/14,164,67,231,144,89,51
2014/10/15,164,67,231,144,89,51
2014/10/16,164,67,231,144,89,51
2014/10/17,164,67,231,144,89,51
2014/10/18,164,67,231,144,89,51
2014/10/19,164,67,231,144,89,51
2014/10/20,164,67,231,144,89,51
2014/10/21,164,67,231,144,89,51
2014/10/22,164,67,231,144,89,51
2014/10/23,164,67,231,144,89,51
2014/10/24,164,67,231,144,89,51
2014/10/25,164,67,231,144,89,51
2014/10/26,164,67,231,144,89,51
2014/10/27,164,67,231,144,89,51
2014/10/28,164,67,231,144,89,51
2014/10/29,164,67,231,144,89,51
2014/10/30,164,67,231,144,89,51
2014/10/31,164,67,231,144,89,51
2014/11/1,160,64,224,141,85,49
2014/11/2,160,64,224,141,85,49
2014/11/3,160,64,224,141,85,49
2014/11/4,160,64,224,141,85,49
2014/11/5,160,64,224,141,85,49
2014/11/6,160,64,224,141,85,49
2014/11/7,160,64,224,141,85,49
2014/11/8,160,64,224,141,85,49
2014/11/9,160,64,224,141,85,49
2014/11/10,160,64,224,141,85,49
2014/11/11,160,64,224,141,85,49
2014/11/12,160,64,224,141,85,49
2014/11/13,160,64,224,141,85,49
2014/11/14,160,64,224,141,85,49
2014/11/15,160,64,224,141,85,49
2014/11/16,160,64,224,141,85,49
2014/11/17,160,64,224,141,85,49
2014/11/18,160,64,224,141,85,49
2014/11/19,160,64,224,141,85,49
2014/11/20,160,64,224,141,85,49
2014/11/21,160,64,224,141,85,49
2014/11/22,160,64,224,141,85,49
2014/11/23,160,64,224,141,85,49
2014/11/24,160,64,224,141,85,49
2014/11/25,160,64,224,141,85,49
2014/11/26,160,64,224,141,85,49
2014/11/27,160,64,224,141,85,49
2014/11/28,160,64,224,141,85,49
2014/11/29,160,64,224,141,85,49
2014/11/30,160,64,224,141,85,49
2014/12/1,160,64,224,134,88,48
2014/12/2,160,64,224,134,88,48
2014/12/3,160,64,224,134,88,48
2014/12/4,160,64,224,134,88,48
2014/12/5,160,64,224,134,88,48
2014/12/6,160,64,224,134,88,48
2014/12/7,160,64,224,134,88,48
2014/12/8,160,64,224,134,88,48
2014/12/9,160,64,224,134,88,48
2014/12/10,160,64,224,134,88,48
2014/12/11,160,64,224,134,88,48
2014/12/12,160,64,224,134,88,48
2014/12/13,160,64,224,134,88,48
2014/12/14,160,64,224,134,88,48
2014/12/15,160,64,224,134,88,48
2014/12/16,160,64,224,134,88,48
2014/12/17,160,64,224,134,88,48
2014/12/18,160,64,224,134,88,48
2014/12/19,160,64,224,134,88,48
2014/12/20,160,64,224,134,88,48
2014/12/21,160,64,224,134,88,48
2014/12/22,160,64,224,134,88,48
2014/12/23,160,64,224,134,88,48
2014/12/24,160,64,224,134,88,48
2014/12/25,160,64,224,134,88,48
2014/12/26,160,64,224,134,88,48
2014/12/27,160,64,224,134,88,48
2014/12/28,160,64,224,134,88,48
2014/12/29,160,64,224,134,88,48
2014/12/30,160,64,224,134,88,48
2014/12/31,160,64,224,134,88,48
2015/1/1,164,67,231,141,89,49
2015/1/2,164,67,231,141,89,49
2015/1/3,164,67,231,141,89,49
2015/1/4,164,67,231,141,89,49
2015/1/5,164,67,231,141,89,49
2015/1/6,164,67,231,141,89,49
2015/1/7,164,67,231,141,89,49
2015/1/8,164,67,231,141,89,49
2015/1/9,164,67,231,141,89,49
2015/1/10,164,67,231,141,89,49
2015/1/11,164,67,231,141,89,49
2015/1/12,164,67,231,141,89,49
2015/1/13,164,67,231,141,89,49
2015/1/14,164,67,231,141,89,49
2015/1/15,164,67,231,141,89,49
2015/1/16,164,67,231,141,89,49
2015/1/17,164,67,231,141,89,49
2015/1/18,164,67,231,141,89,49
2015/1/19,164,67,231,141,89,49
2015/1/20,164,67,231,141,89,49
2015/1/21,164,67,231,141,89,49
2015/1/22,164,67,231,141,89,49
2015/1/23,164,67,231,141,89,49
2015/1/24,164,67,231,141,89,49
2015/1/25,164,67,231,141,89,49
2015/1/26,164,67,231,141,89,49
2015/1/27,164,67,231,141,89,49
2015/1/28,164,67,231,141,89,49
2015/1/29,164,67,231,141,89,49
2015/1/30,164,67,231,141,89,49
2015/1/31,164,67,231,141,89,49
2015/2/1,160,65,225,137,88,48
2015/2/2,160,65,225,137,88,48
2015/2/3,160,65,225,137,88,48
2015/2/4,160,65,225,137,88,48
2015/2/5,160,65,225,137,88,48
2015/2/6,160,65,225,137,88,48
2015/2/7,160,65,225,137,88,48
2015/2/8,160,65,225,137,88,48
2015/2/9,160,65,225,137,88,48
2015/2/10,160,65,225,137,88,48
2015/2/11,160,65,225,137,88,48
2015/2/12,160,65,225,137,88,48
2015/2/13,160,65,225,137,88,48
2015/2/14,160,65,225,137,88,48
2015/2/15,160,65,225,137,88,48
2015/2/16,160,65,225,137,88,48
2015/2/17,160,65,225,137,88,48
2015/2/18,160,65,225,137,88,48
2015/2/19,160,65,225,137,88,48
2015/2/20,160,65,225,137,88,48
2015/2/21,160,65,225,137,88,48
2015/2/22,160,65,225,137,88,48
2015/2/23,160,65,225,137,88,48
2015/2/24,160,65,225,137,88,48
2015/2/25,160,65,225,137,88,48
2015/2/26,160,65,225,137,88,48
2015/2/27,160,65,225,137,88,48
2015/2/28,160,65,225,137,88,48
2015/3/1,157,63,220,136,86,51
2015/3/2,157,63,220,136,86,51
2015/3/3,157,63,220,136,86,51
2015/3/4,157,63,220,136,86,51
2015/3/5,157,63,220,136,86,51
2015/3/6,157,63,220,136,86,51
2015/3/7,157,63,220,136,86,51
2015/3/8,157,63,220,136,86,51
2015/3/9,157,63,220,136,86,51
2015/3/10,157,63,220,136,86,51
2015/3/11,157,63,220,136,86,51
2015/3/12,157,63,220,136,86,51
2015/3/13,157,63,220,136,86,51
2015/3/14,157,63,220,136,86,51
2015/3/15,157,63,220,136,86,51
2015/3/16,157,63,220,136,86,51
2015/3/17,157,63,220,136,86,51
2015/3/18,157,63,220,136,86,51
2015/3/19,157,63,220,136,86,51
2015/3/20,157,63,220,136,86,51
2015/3/21,157,63,220,136,86,51
2015/3/22,157,63,220,136,86,51
2015/3/23,157,63,220,136,86,51
2015/3/24,157,63,220,136,86,51
2015/3/25,157,63,220,136,86,51
2015/3/26,157,63,220,136,86,51
2015/3/27,157,63,220,136,86,51
2015/3/28,157,63,220,136,86,51
2015/3/29,157,63,220,136,86,51
2015/3/30,157,63,220,136,86,51
2015/3/31,157,63,220,136,86,51
2015/4/1,154,63,217,131,86,47
2015/4/2,154,63,217,131,86,47
2015/4/3,154,63,217,131,86,47
2015/4/4,154,63,217,131,86,47
2015/4/5,154,63,217,131,86,47
2015/4/6,154,63,217,131,86,47
2015/4/7,154,63,217,131,86,47
2015/4/8,154,63,217,131,86,47
2015/4/9,154,63,217,131,86,47
2015/4/10,154,63,217,131,86,47
2015/4/11,154,63,217,131,86,47
2015/4/12,154,63,217,131,86,47
2015/4/13,154,63,217,131,86,47
2015/4/14,154,63,217,131,86,47
2015/4/15,154,63,217,131,86,47
2015/4/16,154,63,217,131,86,47
2015/4/17,154,63,217,131,86,47
2015/4/18,154,63,217,131,86,47
2015/4/19,154,63,217,131,86,47
2015/4/20,154,63,217,131,86,47
2015/4/21,154,63,217,131,86,47
2015/4/22,154,63,217,131,86,47
2015/4/23,154,63,217,131,86,47
2015/4/24,154,63,217,131,86,47
2015/4/25,154,63,217,131,86,47
2015/4/26,154,63,217,131,86,47
2015/4/27,154,63,217,131,86,47
2015/4/28,154,63,217,131,86,47
2015/4/29,154,63,217,131,86,47
2015/4/30,154,63,217,131,86,47
2015/5/1,154,61,215,134,82,45
2015/5/2,154,61,215,134,82,45
2015/5/3,154,61,215,134,82,45
2015/5/4,154,61,215,134,82,45
2015/5/5,154,61,215,134,82,45
2015/5/6,154,61,215,134,82,45
2015/5/7,154,61,215,134,82,45
2015/5/8,154,61,215,134,82,45
2015/5/9,154,61,215,134,82,45
2015/5/10,154,61,215,134,82,45
2015/5/11,154,61,215,134,82,45
2015/5/12,154,61,215,134,82,45
2015/5/13,154,61,215,134,82,45
2015/5/14,154,61,215,134,82,45
2015/5/15,154,61,215,134,82,45
2015/5/16,154,61,215,134,82,45
2015/5/17,154,61,215,134,82,45
2015/5/18,154,61,215,134,82,45
2015/5/19,154,61,215,134,82,45
2015/5/20,154,61,215,134,82,45
2015/5/21,154,61,215,134,82,45
2015/5/22,154,61,215,134,82,45
2015/5/23,154,61,215,134,82,45
2015/5/24,154,61,215,134,82,45
2015/5/25,154,61,215,134,82,45
2015/5/26,154,61,215,134,82,45
2015/5/27,154,61,215,134,82,45
2015/5/28,154,61,215,134,82,45
2015/5/29,154,61,215,134,82,45
2015/5/30,154,61,215,134,82,45
2015/5/31,154,61,215,134,82,45
2015/6/1,152,66,218,136,83,49
2015/6/2,152,66,218,136,83,49
2015/6/3,152,66,218,136,83,49
2015/6/4,152,66,218,136,83,49
2015/6/5,152,66,218,136,83,49
2015/6/6,152,66,218,136,83,49
2015/6/7,152,66,218,136,83,49
2015/6/8,152,66,218,136,83,49
2015/6/9,152,66,218,136,83,49
2015/6/10,152,66,218,136,83,49
2015/6/11,152,66,218,136,83,49
2015/6/12,152,66,218,136,83,49
2015/6/13,152,66,218,136,83,49
2015/6/14,152,66,218,136,83,49
2015/6/15,152,66,218,136,83,49
2015/6/16,152,66,218,136,83,49
2015/6/17,152,66,218,136,83,49
2015/6/18,152,66,218,136,83,49
2015/6/19,152,66,218,136,83,49
2015/6/20,152,66,218,136,83,49
2015/6/21,152,66,218,136,83,49
2015/6/22,152,66,218,136,83,49
2015/6/23,152,66,218,136,83,49
2015/6/24,152,66,218,136,83,49
2015/6/25,152,66,218,136,83,49
2015/6/26,152,66,218,136,83,49
2015/6/27,152,66,218,136,83,49
2015/6/28,152,66,218,136,83,49
2015/6/29,152,66,218,136,83,49
2015/6/30,152,66,218,136,83,49
2015/7/1,153,63,216,133,86,46
2015/7/2,153,63,216,133,86,46
2015/7/3,153,63,216,133,86,46
2015/7/4,153,63,216,133,86,46
2015/7/5,153,63,216,133,86,46
2015/7/6,153,63,216,133,86,46
2015/7/7,153,63,216,133,86,46
2015/7/8,153,63,216,133,86,46
2015/7/9,153,63,216,133,86,46
2015/7/10,153,63,216,133,86,46
2015/7/11,153,63,216,133,86,46
2015/7/12,153,63,216,133,86,46
2015/7/13,153,63,216,133,86,46
2015/7/14,153,63,216,133,86,46
2015/7/15,153,63,216,133,86,46
2015/7/16,153,63,216,133,86,46
2015/7/17,153,63,216,133,86,46
2015/7/18,153,63,216,133,86,46
2015/7/19,153,63,216,133,86,46
2015/7/20,153,63,216,133,86,46
2015/7/21,153,63,216,133,86,46
2015/7/22,153,63,216,133,86,46
2015/7/23,153,63,216,133,86,46
2015/7/24,153,63,216,133,86,46
2015/7/25,153,63,216,133,86,46
2015/7/26,153,63,216,133,86,46
2015/7/27,153,63,216,133,86,46
2015/7/28,153,63,216,133,86,46
2015/7/29,153,63,216,133,86,46
2015/7/30,153,63,216,133,86,46
2015/7/31,153,63,216,133,86,46
2015/8/1,156,62,218,133,86,46
2015/8/2,156,62,218,133,86,46
2015/8/3,156,62,218,133,86,46
2015/8/4,156,62,218,133,86,46
2015/8/5,156,62,218,133,86,46
2015/8/6,156,62,218,133,86,46
2015/8/7,156,62,218,133,86,46
2015/8/8,156,62,218,133,86,46
2015/8/9,156,62,218,133,86,46
2015/8/10,156,62,218,133,86,46
2015/8/11,156,62,218,133,86,46
2015/8/12,156,62,218,133,86,46
2015/8/13,156,62,218,133,86,46
2015/8/14,156,62,218,133,86,46
2015/8/15,156,62,218,133,86,46
2015/8/16,156,62,218,133,86,46
2015/8/17,156,62,218,133,86,46
2015/8/18,156,62,218,133,86,46
2015/8/19,156,62,218,133,86,46
2015/8/20,156,62,218,133,86,46
2015/8/21,156,62,218,133,86,46
2015/8/22,156,62,218,133,86,46
2015/8/23,156,62,218,133,86,46
2015/8/24,156,62,218,133,86,46
2015/8/25,156,62,218,133,86,46
2015/8/26,156,62,218,133,86,46
2015/8/27,156,62,218,133,86,46
2015/8/28,156,62,218,133,86,46
2015/8/29,156,62,218,133,86,46
2015/8/30,156,62,218,133,86,46
2015/8/31,156,62,218,133,86,46
2015/9/1,157,65,222,136,86,47
2015/9/2,157,65,222,136,86,47
2015/9/3,157,65,222,136,86,47
2015/9/4,157,65,222,136,86,47
2015/9/5,157,65,222,136,86,47
2015/9/6,157,65,222,136,86,47
2015/9/7,157,65,222,136,86,47
2015/9/8,157,65,222,136,86,47
2015/9/9,157,65,222,136,86,47
2015/9/10,157,65,222,136,86,47
2015/9/11,157,65,222,136,86,47
2015/9/12,157,65,222,136,86,47
2015/9/13,157,65,222,136,86,47
2015/9/14,157,65,222,136,86,47
2015/9/15,157,65,222,136,86,47
2015/9/16,157,65,222,136,86,47
2015/9/17,157,65,222,136,86,47
2015/9/18,157,65,222,136,86,47
2015/9/19,157,65,222,136,86,47
2015/9/20,157,65,222,136,86,47
2015/9/21,157,65,222,136,86,47
2015/9/22,157,65,222,136,86,47
2015/9/23,157,65,222,136,86,47
2015/9/24,157,65,222,136,86,47
2015/9/25,157,65,222,136,86,47
2015/9/26,157,65,222,136,86,47
2015/9/27,157,65,222,136,86,47
2015/9/28,157,65,222,136,86,47
2015/9/29,157,65,222,136,86,47
2015/9/30,157,65,222,136,86,47
2015/10/1,152,57,209,131,78,46
2015/10/2,152,57,209,131,78,46
2015/10/3,152,57,209,131,78,46
2015/10/4,152,57,209,131,78,46
2015/10/5,152,57,209,131,78,46
2015/10/6,152,57,209,131,78,46
2015/10/7,152,57,209,131,78,46
2015/10/8,152,57,209,131,78,46
2015/10/9,152,57,209,131,78,46
2015/10/10,152,57,209,131,78,46
2015/10/11,152,57,209,131,78,46
2015/10/12,152,57,209,131,78,46
2015/10/13,152,57,209,131,78,46
2015/10/14,152,57,209,131,78,46
2015/10/15,152,57,209,131,78,46
2015/10/16,152,57,209,131,78,46
2015/10/17,152,57,209,131,78,46
2015/10/18,152,57,209,131,78,46
2015/10/19,152,57,209,131,78,46
2015/10/20,152,57,209,131,78,46
2015/10/21,152,57,209,131,78,46
2015/10/22,152,57,209,131,78,46
2015/10/23,152,57,209,131,78,46
2015/10/24,152,57,209,131,78,46
2015/10/25,152,57,209,131,78,46
2015/10/26,152,57,209,131,78,46
2015/10/27,152,57,209,131,78,46
2015/10/28,152,57,209,131,78,46
2015/10/29,152,57,209,131,78,46
2015/10/30,152,57,209,131,78,46
2015/10/31,152,57,209,131,78,46
2015/11/1,153,59,212,132,83,46
2015/11/2,153,59,212,132,83,46
2015/11/3,153,59,212,132,83,46
2015/11/4,153,59,212,132,83,46
2015/11/5,153,59,212,132,83,46
2015/11/6,153,59,212,132,83,46
2015/11/7,153,59,212,132,83,46
2015/11/8,153,59,212,132,83,46
2015/11/9,153,59,212,132,83,46
2015/11/10,153,59,212,132,83,46
2015/11/11,153,59,212,132,83,46
2015/11/12,153,59,212,132,83,46
2015/11/13,153,59,212,132,83,46
2015/11/14,153,59,212,132,83,46
2015/11/15,153,59,212,132,83,46
2015/11/16,153,59,212,132,83,46
2015/11/17,153,59,212,132,83,46
2015/11/18,153,59,212,132,83,46
2015/11/19,153,59,212,132,83,46
2015/11/20,153,59,212,132,83,46
2015/11/21,153,59,212,132,83,46
2015/11/22,153,59,212,132,83,46
2015/11/23,153,59,212,132,83,46
2015/11/24,153,59,212,132,83,46
2015/11/25,153,59,212,132,83,46
2015/11/26,153,59,212,132,83,46
2015/11/27,153,59,212,132,83,46
2015/11/28,153,59,212,132,83,46
2015/11/29,153,59,212,132,83,46
2015/11/30,153,59,212,132,83,46
2015/12/1,152,62,214,135,82,47
2015/12/2,152,62,214,135,82,47
2015/12/3,152,62,214,135,82,47
2015/12/4,152,62,214,135,82,47
2015/12/5,152,62,214,135,82,47
2015/12/6,152,62,214,135,82,47
2015/12/7,152,62,214,135,82,47
2015/12/8,152,62,214,135,82,47
2015/12/9,152,62,214,135,82,47
2015/12/10,152,62,214,135,82,47
2015/12/11,152,62,214,135,82,47
2015/12/12,152,62,214,135,82,47
2015/12/13,152,62,214,135,82,47
2015/12/14,152,62,214,135,82,47
2015/12/15,152,62,214,135,82,47
2015/12/16,152,62,214,135,82,47
2015/12/17,152,62,214,135,82,47
2015/12/18,152,62,214,135,82,47
2015/12/19,152,62,214,135,82,47
2015/12/20,152,62,214,135,82,47
2015/12/21,152,62,214,135,82,47
2015/12/22,152,62,214,135,82,47
2015/12/23,152,62,214,135,82,47
2015/12/24,152,62,214,135,82,47
2015/12/25,152,62,214,135,82,47
2015/12/26,152,62,214,135,82,47
2015/12/27,152,62,214,135,82,47
2015/12/28,152,62,214,135,82,47
2015/12/29,152,62,214,135,82,47
2015/12/30,152,62,214,135,82,47
2015/12/31,152,62,214,135,82,47
2016/1/1,150,58,208,128,80,45
2016/1/2,150,58,208,128,80,45
2016/1/3,150,58,208,128,80,45
2016/1/4,150,58,208,128,80,45
2016/1/5,150,58,208,128,80,45
2016/1/6,150,58,208,128,80,45
2016/1/7,150,58,208,128,80,45
2016/1/8,150,58,208,128,80,45
2016/1/9,150,58,208,128,80,45
2016/1/10,150,58,208,128,80,45
2016/1/11,150,58,208,128,80,45
2016/1/12,150,58,208,128,80,45
2016/1/13,150,58,208,128,80,45
2016/1/14,150,58,208,128,80,45
2016/1/15,150,58,208,128,80,45
2016/1/16,150,58,208,128,80,45
2016/1/17,150,58,208,128,80,45
2016/1/18,150,58,208,128,80,45
2016/1/19,150,58,208,128,80,45
2016/1/20,150,58,208,128,80,45
2016/1/21,150,58,208,128,80,45
2016/1/22,150,58,208,128,80,45
2016/1/23,150,58,208,128,80,45
2016/1/24,150,58,208,128,80,45
2016/1/25,150,58,208,128,80,45
2016/1/26,150,58,208,128,80,45
2016/1/27,150,58,208,128,80,45
2016/1/28,150,58,208,128,80,45
2016/1/29,150,58,208,128,80,45
2016/1/30,150,58,208,128,80,45
2016/1/31,150,58,208,128,80,45
2016/2/1,150,60,210,133,79,47
2016/2/2,150,60,210,133,79,47
2016/2/3,150,60,210,133,79,47
2016/2/4,150,60,210,133,79,47
2016/2/5,150,60,210,133,79,47
2016/2/6,150,60,210,133,79,47
2016/2/7,150,60,210,133,79,47
2016/2/8,150,60,210,133,79,47
2016/2/9,150,60,210,133,79,47
2016/2/10,150,60,210,133,79,47
2016/2/11,150,60,210,133,79,47
2016/2/12,150,60,210,133,79,47
2016/2/13,150,60,210,133,79,47
2016/2/14,150,60,210,133,79,47
2016/2/15,150,60,210,133,79,47
2016/2/16,150,60,210,133,79,47
2016/2/17,150,60,210,133,79,47
2016/2/18,150,60,210,133,79,47
2016/2/19,150,60,210,133,79,47
2016/2/20,150,60,210,133,79,47
2016/2/21,150,60,210,133,79,47
2016/2/22,150,60,210,133,79,47
2016/2/23,150,60,210,133,79,47
2016/2/24,150,60,210,133,79,47
2016/2/25,150,60,210,133,79,47
2016/2/26,150,60,210,133,79,47
2016/2/27,150,60,210,133,79,47
2016/2/28,150,60,210,133,79,47
2016/2/29,150,60,210,133,79,47
2016/3/1,145,62,207,127,82,41
2016/3/2,145,62,207,127,82,41
2016/3/3,145,62,207,127,82,41
2016/3/4,145,62,207,127,82,41
2016/3/5,145,62,207,127,82,41
2016/3/6,145,62,207,127,82,41
2016/3/7,145,62,207,127,82,41
2016/3/8,145,62,207,127,82,41
2016/3/9,145,62,207,127,82,41
2016/3/10,145,62,207,127,82,41
2016/3/11,145,62,207,127,82,41
2016/3/12,145,62,207,127,82,41
2016/3/13,145,62,207,127,82,41
2016/3/14,145,62,207,127,82,41
2016/3/15,145,62,207,127,82,41
2016/3/16,145,62,207,127,82,41
2016/3/17,145,62,207,127,82,41
2016/3/18,145,62,207,127,82,41
2016/3/19,145,62,207,127,82,41
2016/3/20,145,62,207,127,82,41
2016/3/21,145,62,207,127,82,41
2016/3/22,145,62,207,127,82,41
2016/3/23,145,62,207,127,82,41
2016/3/24,145,62,207,127,82,41
2016/3/25,145,62,207,127,82,41
2016/3/26,145,62,207,127,82,41
2016/3/27,145,62,207,127,82,41
2016/3/28,145,62,207,127,82,41
2016/3/29,145,62,207,127,82,41
2016/3/30,145,62,207,127,82,41
2016/3/31,145,62,207,127,82,41
