datetime0,datetime,search0,search
2010/5/31,2010/7/1,0,0
2010/6/1,2010/7/2,0,0
2010/6/2,2010/7/3,0,0
2010/6/3,2010/7/4,0,0
2010/6/4,2010/7/5,0,0
2010/6/5,2010/7/6,0,0
2010/6/6,2010/7/7,0,0
2010/6/7,2010/7/8,0,0
2010/6/8,2010/7/9,0,0
2010/6/9,2010/7/10,0,0
2010/6/10,2010/7/11,0,0
2010/6/11,2010/7/12,0,0
2010/6/12,2010/7/13,0,0
2010/6/13,2010/7/14,0,0
2010/6/14,2010/7/15,0,0
2010/6/15,2010/7/16,0,0
2010/6/16,2010/7/17,0,0
2010/6/17,2010/7/18,0,0
2010/6/18,2010/7/19,0,0
2010/6/19,2010/7/20,0,0
2010/6/20,2010/7/21,0,0
2010/6/21,2010/7/22,0,0
2010/6/22,2010/7/23,0,0
2010/6/23,2010/7/24,0,0
2010/6/24,2010/7/25,0,0
2010/6/25,2010/7/26,0,0
2010/6/26,2010/7/27,0,0
2010/6/27,2010/7/28,0,0
2010/6/28,2010/7/29,0,0
2010/6/29,2010/7/30,0,0
2010/6/30,2010/7/31,0,0
2010/7/1,2010/8/1,0,0
2010/7/2,2010/8/2,0,0
2010/7/3,2010/8/3,0,0
2010/7/4,2010/8/4,0,0
2010/7/5,2010/8/5,0,0
2010/7/6,2010/8/6,0,0
2010/7/7,2010/8/7,0,0
2010/7/8,2010/8/8,0,0
2010/7/9,2010/8/9,0,0
2010/7/10,2010/8/10,0,0
2010/7/11,2010/8/11,0,0
2010/7/12,2010/8/12,0,0
2010/7/13,2010/8/13,0,0
2010/7/14,2010/8/14,0,0
2010/7/15,2010/8/15,0,0
2010/7/16,2010/8/16,0,0
2010/7/17,2010/8/17,0,0
2010/7/18,2010/8/18,0,0
2010/7/19,2010/8/19,0,0
2010/7/20,2010/8/20,0,0
2010/7/21,2010/8/21,0,0
2010/7/22,2010/8/22,0,0
2010/7/23,2010/8/23,0,0
2010/7/24,2010/8/24,0,0
2010/7/25,2010/8/25,0,0
2010/7/26,2010/8/26,0,0
2010/7/27,2010/8/27,0,0
2010/7/28,2010/8/28,0,0
2010/7/29,2010/8/29,0,0
2010/7/30,2010/8/30,0,0
2010/7/31,2010/8/31,0,0
2010/8/1,2010/9/1,0,0
2010/8/2,2010/9/2,0,0
2010/8/3,2010/9/3,0,0
2010/8/4,2010/9/4,0,0
2010/8/5,2010/9/5,0,0
2010/8/6,2010/9/6,0,0
2010/8/7,2010/9/7,0,0
2010/8/8,2010/9/8,0,0
2010/8/9,2010/9/9,0,0
2010/8/10,2010/9/10,0,0
2010/8/11,2010/9/11,0,0
2010/8/12,2010/9/12,0,0
2010/8/13,2010/9/13,0,0
2010/8/14,2010/9/14,0,0
2010/8/15,2010/9/15,0,0
2010/8/16,2010/9/16,0,0
2010/8/17,2010/9/17,0,0
2010/8/18,2010/9/18,0,0
2010/8/19,2010/9/19,0,0
2010/8/20,2010/9/20,0,0
2010/8/21,2010/9/21,0,0
2010/8/22,2010/9/22,0,0
2010/8/23,2010/9/23,0,0
2010/8/24,2010/9/24,0,0
2010/8/25,2010/9/25,0,0
2010/8/26,2010/9/26,0,0
2010/8/27,2010/9/27,0,0
2010/8/28,2010/9/28,0,0
2010/8/29,2010/9/29,0,0
2010/8/30,2010/9/30,0,0
2010/8/31,2010/10/1,0,70
2010/9/1,2010/10/2,70,70
2010/9/2,2010/10/3,70,70
2010/9/3,2010/10/4,70,70
2010/9/4,2010/10/5,70,70
2010/9/5,2010/10/6,70,70
2010/9/6,2010/10/7,70,70
2010/9/7,2010/10/8,70,70
2010/9/8,2010/10/9,70,70
2010/9/9,2010/10/10,70,70
2010/9/10,2010/10/11,70,70
2010/9/11,2010/10/12,70,70
2010/9/12,2010/10/13,70,70
2010/9/13,2010/10/14,70,70
2010/9/14,2010/10/15,70,70
2010/9/15,2010/10/16,70,70
2010/9/16,2010/10/17,70,70
2010/9/17,2010/10/18,70,70
2010/9/18,2010/10/19,70,70
2010/9/19,2010/10/20,70,70
2010/9/20,2010/10/21,70,70
2010/9/21,2010/10/22,70,70
2010/9/22,2010/10/23,70,70
2010/9/23,2010/10/24,70,70
2010/9/24,2010/10/25,70,70
2010/9/25,2010/10/26,70,70
2010/9/26,2010/10/27,70,70
2010/9/27,2010/10/28,70,70
2010/9/28,2010/10/29,70,70
2010/9/29,2010/10/30,70,70
2010/9/30,2010/10/31,70,70
2010/10/1,2010/11/1,67,67
2010/10/2,2010/11/2,67,67
2010/10/3,2010/11/3,67,67
2010/10/4,2010/11/4,67,67
2010/10/5,2010/11/5,67,67
2010/10/6,2010/11/6,67,67
2010/10/7,2010/11/7,67,67
2010/10/8,2010/11/8,67,67
2010/10/9,2010/11/9,67,67
2010/10/10,2010/11/10,67,67
2010/10/11,2010/11/11,67,67
2010/10/12,2010/11/12,67,67
2010/10/13,2010/11/13,67,67
2010/10/14,2010/11/14,67,67
2010/10/15,2010/11/15,67,67
2010/10/16,2010/11/16,67,67
2010/10/17,2010/11/17,67,67
2010/10/18,2010/11/18,67,67
2010/10/19,2010/11/19,67,67
2010/10/20,2010/11/20,67,67
2010/10/21,2010/11/21,67,67
2010/10/22,2010/11/22,67,67
2010/10/23,2010/11/23,67,67
2010/10/24,2010/11/24,67,67
2010/10/25,2010/11/25,67,67
2010/10/26,2010/11/26,67,67
2010/10/27,2010/11/27,67,67
2010/10/28,2010/11/28,67,67
2010/10/29,2010/11/29,67,67
2010/10/30,2010/11/30,67,67
2010/10/31,2010/12/1,67,67
2010/11/1,2010/12/2,0,0
2010/11/2,2010/12/3,0,0
2010/11/3,2010/12/4,0,0
2010/11/4,2010/12/5,0,0
2010/11/5,2010/12/6,0,0
2010/11/6,2010/12/7,0,0
2010/11/7,2010/12/8,0,0
2010/11/8,2010/12/9,0,0
2010/11/9,2010/12/10,0,0
2010/11/10,2010/12/11,0,0
2010/11/11,2010/12/12,0,0
2010/11/12,2010/12/13,0,0
2010/11/13,2010/12/14,0,0
2010/11/14,2010/12/15,0,0
2010/11/15,2010/12/16,0,0
2010/11/16,2010/12/17,0,0
2010/11/17,2010/12/18,0,0
2010/11/18,2010/12/19,0,0
2010/11/19,2010/12/20,0,0
2010/11/20,2010/12/21,0,0
2010/11/21,2010/12/22,0,0
2010/11/22,2010/12/23,0,0
2010/11/23,2010/12/24,0,0
2010/11/24,2010/12/25,0,0
2010/11/25,2010/12/26,0,0
2010/11/26,2010/12/27,0,0
2010/11/27,2010/12/28,0,0
2010/11/28,2010/12/29,0,0
2010/11/29,2010/12/30,0,0
2010/11/30,2010/12/31,0,0
2010/12/1,2011/1/1,0,0
2010/12/2,2011/1/2,0,0
2010/12/3,2011/1/3,0,0
2010/12/4,2011/1/4,0,0
2010/12/5,2011/1/5,0,0
2010/12/6,2011/1/6,0,0
2010/12/7,2011/1/7,0,0
2010/12/8,2011/1/8,0,0
2010/12/9,2011/1/9,0,0
2010/12/10,2011/1/10,0,0
2010/12/11,2011/1/11,0,0
2010/12/12,2011/1/12,0,0
2010/12/13,2011/1/13,0,0
2010/12/14,2011/1/14,0,0
2010/12/15,2011/1/15,0,0
2010/12/16,2011/1/16,0,0
2010/12/17,2011/1/17,0,0
2010/12/18,2011/1/18,0,0
2010/12/19,2011/1/19,0,0
2010/12/20,2011/1/20,0,0
2010/12/21,2011/1/21,0,0
2010/12/22,2011/1/22,0,0
2010/12/23,2011/1/23,0,0
2010/12/24,2011/1/24,0,0
2010/12/25,2011/1/25,0,0
2010/12/26,2011/1/26,0,0
2010/12/27,2011/1/27,0,0
2010/12/28,2011/1/28,0,0
2010/12/29,2011/1/29,0,0
2010/12/30,2011/1/30,0,0
2010/12/31,2011/1/31,0,0
2011/1/1,2011/2/1,52,52
2011/1/2,2011/2/2,52,52
2011/1/3,2011/2/3,52,52
2011/1/4,2011/2/4,52,52
2011/1/5,2011/2/5,52,52
2011/1/6,2011/2/6,52,52
2011/1/7,2011/2/7,52,52
2011/1/8,2011/2/8,52,52
2011/1/9,2011/2/9,52,52
2011/1/10,2011/2/10,52,52
2011/1/11,2011/2/11,52,52
2011/1/12,2011/2/12,52,52
2011/1/13,2011/2/13,52,52
2011/1/14,2011/2/14,52,52
2011/1/15,2011/2/15,52,52
2011/1/16,2011/2/16,52,52
2011/1/17,2011/2/17,52,52
2011/1/18,2011/2/18,52,52
2011/1/19,2011/2/19,52,52
2011/1/20,2011/2/20,52,52
2011/1/21,2011/2/21,52,52
2011/1/22,2011/2/22,52,52
2011/1/23,2011/2/23,52,52
2011/1/24,2011/2/24,52,52
2011/1/25,2011/2/25,52,52
2011/1/26,2011/2/26,52,52
2011/1/27,2011/2/27,52,52
2011/1/28,2011/2/28,52,52
2011/1/29,2011/3/1,52,0
2011/1/30,2011/3/2,52,0
2011/1/31,2011/3/3,52,0
2011/2/1,2011/3/4,0,0
2011/2/2,2011/3/5,0,0
2011/2/3,2011/3/6,0,0
2011/2/4,2011/3/7,0,0
2011/2/5,2011/3/8,0,0
2011/2/6,2011/3/9,0,0
2011/2/7,2011/3/10,0,0
2011/2/8,2011/3/11,0,0
2011/2/9,2011/3/12,0,0
2011/2/10,2011/3/13,0,0
2011/2/11,2011/3/14,0,0
2011/2/12,2011/3/15,0,0
2011/2/13,2011/3/16,0,0
2011/2/14,2011/3/17,0,0
2011/2/15,2011/3/18,0,0
2011/2/16,2011/3/19,0,0
2011/2/17,2011/3/20,0,0
2011/2/18,2011/3/21,0,0
2011/2/19,2011/3/22,0,0
2011/2/20,2011/3/23,0,0
2011/2/21,2011/3/24,0,0
2011/2/22,2011/3/25,0,0
2011/2/23,2011/3/26,0,0
2011/2/24,2011/3/27,0,0
2011/2/25,2011/3/28,0,0
2011/2/26,2011/3/29,0,0
2011/2/27,2011/3/30,0,0
2011/2/28,2011/3/31,0,0
2011/3/1,2011/4/1,0,0
2011/3/2,2011/4/2,0,0
2011/3/3,2011/4/3,0,0
2011/3/4,2011/4/4,0,0
2011/3/5,2011/4/5,0,0
2011/3/6,2011/4/6,0,0
2011/3/7,2011/4/7,0,0
2011/3/8,2011/4/8,0,0
2011/3/9,2011/4/9,0,0
2011/3/10,2011/4/10,0,0
2011/3/11,2011/4/11,0,0
2011/3/12,2011/4/12,0,0
2011/3/13,2011/4/13,0,0
2011/3/14,2011/4/14,0,0
2011/3/15,2011/4/15,0,0
2011/3/16,2011/4/16,0,0
2011/3/17,2011/4/17,0,0
2011/3/18,2011/4/18,0,0
2011/3/19,2011/4/19,0,0
2011/3/20,2011/4/20,0,0
2011/3/21,2011/4/21,0,0
2011/3/22,2011/4/22,0,0
2011/3/23,2011/4/23,0,0
2011/3/24,2011/4/24,0,0
2011/3/25,2011/4/25,0,0
2011/3/26,2011/4/26,0,0
2011/3/27,2011/4/27,0,0
2011/3/28,2011/4/28,0,0
2011/3/29,2011/4/29,0,0
2011/3/30,2011/4/30,0,0
2011/3/31,2011/5/1,0,0
2011/4/1,2011/5/2,0,0
2011/4/2,2011/5/3,0,0
2011/4/3,2011/5/4,0,0
2011/4/4,2011/5/5,0,0
2011/4/5,2011/5/6,0,0
2011/4/6,2011/5/7,0,0
2011/4/7,2011/5/8,0,0
2011/4/8,2011/5/9,0,0
2011/4/9,2011/5/10,0,0
2011/4/10,2011/5/11,0,0
2011/4/11,2011/5/12,0,0
2011/4/12,2011/5/13,0,0
2011/4/13,2011/5/14,0,0
2011/4/14,2011/5/15,0,0
2011/4/15,2011/5/16,0,0
2011/4/16,2011/5/17,0,0
2011/4/17,2011/5/18,0,0
2011/4/18,2011/5/19,0,0
2011/4/19,2011/5/20,0,0
2011/4/20,2011/5/21,0,0
2011/4/21,2011/5/22,0,0
2011/4/22,2011/5/23,0,0
2011/4/23,2011/5/24,0,0
2011/4/24,2011/5/25,0,0
2011/4/25,2011/5/26,0,0
2011/4/26,2011/5/27,0,0
2011/4/27,2011/5/28,0,0
2011/4/28,2011/5/29,0,0
2011/4/29,2011/5/30,0,0
2011/4/30,2011/5/31,0,0
2011/5/1,2011/6/1,0,0
2011/5/2,2011/6/2,0,0
2011/5/3,2011/6/3,0,0
2011/5/4,2011/6/4,0,0
2011/5/5,2011/6/5,0,0
2011/5/6,2011/6/6,0,0
2011/5/7,2011/6/7,0,0
2011/5/8,2011/6/8,0,0
2011/5/9,2011/6/9,0,0
2011/5/10,2011/6/10,0,0
2011/5/11,2011/6/11,0,0
2011/5/12,2011/6/12,0,0
2011/5/13,2011/6/13,0,0
2011/5/14,2011/6/14,0,0
2011/5/15,2011/6/15,0,0
2011/5/16,2011/6/16,0,0
2011/5/17,2011/6/17,0,0
2011/5/18,2011/6/18,0,0
2011/5/19,2011/6/19,0,0
2011/5/20,2011/6/20,0,0
2011/5/21,2011/6/21,0,0
2011/5/22,2011/6/22,0,0
2011/5/23,2011/6/23,0,0
2011/5/24,2011/6/24,0,0
2011/5/25,2011/6/25,0,0
2011/5/26,2011/6/26,0,0
2011/5/27,2011/6/27,0,0
2011/5/28,2011/6/28,0,0
2011/5/29,2011/6/29,0,0
2011/5/30,2011/6/30,0,0
2011/5/31,2011/7/1,0,45
2011/6/1,2011/7/2,45,45
2011/6/2,2011/7/3,45,45
2011/6/3,2011/7/4,45,45
2011/6/4,2011/7/5,45,45
2011/6/5,2011/7/6,45,45
2011/6/6,2011/7/7,45,45
2011/6/7,2011/7/8,45,45
2011/6/8,2011/7/9,45,45
2011/6/9,2011/7/10,45,45
2011/6/10,2011/7/11,45,45
2011/6/11,2011/7/12,45,45
2011/6/12,2011/7/13,45,45
2011/6/13,2011/7/14,45,45
2011/6/14,2011/7/15,45,45
2011/6/15,2011/7/16,45,45
2011/6/16,2011/7/17,45,45
2011/6/17,2011/7/18,45,45
2011/6/18,2011/7/19,45,45
2011/6/19,2011/7/20,45,45
2011/6/20,2011/7/21,45,45
2011/6/21,2011/7/22,45,45
2011/6/22,2011/7/23,45,45
2011/6/23,2011/7/24,45,45
2011/6/24,2011/7/25,45,45
2011/6/25,2011/7/26,45,45
2011/6/26,2011/7/27,45,45
2011/6/27,2011/7/28,45,45
2011/6/28,2011/7/29,45,45
2011/6/29,2011/7/30,45,45
2011/6/30,2011/7/31,45,45
2011/7/1,2011/8/1,0,0
2011/7/2,2011/8/2,0,0
2011/7/3,2011/8/3,0,0
2011/7/4,2011/8/4,0,0
2011/7/5,2011/8/5,0,0
2011/7/6,2011/8/6,0,0
2011/7/7,2011/8/7,0,0
2011/7/8,2011/8/8,0,0
2011/7/9,2011/8/9,0,0
2011/7/10,2011/8/10,0,0
2011/7/11,2011/8/11,0,0
2011/7/12,2011/8/12,0,0
2011/7/13,2011/8/13,0,0
2011/7/14,2011/8/14,0,0
2011/7/15,2011/8/15,0,0
2011/7/16,2011/8/16,0,0
2011/7/17,2011/8/17,0,0
2011/7/18,2011/8/18,0,0
2011/7/19,2011/8/19,0,0
2011/7/20,2011/8/20,0,0
2011/7/21,2011/8/21,0,0
2011/7/22,2011/8/22,0,0
2011/7/23,2011/8/23,0,0
2011/7/24,2011/8/24,0,0
2011/7/25,2011/8/25,0,0
2011/7/26,2011/8/26,0,0
2011/7/27,2011/8/27,0,0
2011/7/28,2011/8/28,0,0
2011/7/29,2011/8/29,0,0
2011/7/30,2011/8/30,0,0
2011/7/31,2011/8/31,0,0
2011/8/1,2011/9/1,0,0
2011/8/2,2011/9/2,0,0
2011/8/3,2011/9/3,0,0
2011/8/4,2011/9/4,0,0
2011/8/5,2011/9/5,0,0
2011/8/6,2011/9/6,0,0
2011/8/7,2011/9/7,0,0
2011/8/8,2011/9/8,0,0
2011/8/9,2011/9/9,0,0
2011/8/10,2011/9/10,0,0
2011/8/11,2011/9/11,0,0
2011/8/12,2011/9/12,0,0
2011/8/13,2011/9/13,0,0
2011/8/14,2011/9/14,0,0
2011/8/15,2011/9/15,0,0
2011/8/16,2011/9/16,0,0
2011/8/17,2011/9/17,0,0
2011/8/18,2011/9/18,0,0
2011/8/19,2011/9/19,0,0
2011/8/20,2011/9/20,0,0
2011/8/21,2011/9/21,0,0
2011/8/22,2011/9/22,0,0
2011/8/23,2011/9/23,0,0
2011/8/24,2011/9/24,0,0
2011/8/25,2011/9/25,0,0
2011/8/26,2011/9/26,0,0
2011/8/27,2011/9/27,0,0
2011/8/28,2011/9/28,0,0
2011/8/29,2011/9/29,0,0
2011/8/30,2011/9/30,0,0
2011/8/31,2011/10/1,0,41
2011/9/1,2011/10/2,41,41
2011/9/2,2011/10/3,41,41
2011/9/3,2011/10/4,41,41
2011/9/4,2011/10/5,41,41
2011/9/5,2011/10/6,41,41
2011/9/6,2011/10/7,41,41
2011/9/7,2011/10/8,41,41
2011/9/8,2011/10/9,41,41
2011/9/9,2011/10/10,41,41
2011/9/10,2011/10/11,41,41
2011/9/11,2011/10/12,41,41
2011/9/12,2011/10/13,41,41
2011/9/13,2011/10/14,41,41
2011/9/14,2011/10/15,41,41
2011/9/15,2011/10/16,41,41
2011/9/16,2011/10/17,41,41
2011/9/17,2011/10/18,41,41
2011/9/18,2011/10/19,41,41
2011/9/19,2011/10/20,41,41
2011/9/20,2011/10/21,41,41
2011/9/21,2011/10/22,41,41
2011/9/22,2011/10/23,41,41
2011/9/23,2011/10/24,41,41
2011/9/24,2011/10/25,41,41
2011/9/25,2011/10/26,41,41
2011/9/26,2011/10/27,41,41
2011/9/27,2011/10/28,41,41
2011/9/28,2011/10/29,41,41
2011/9/29,2011/10/30,41,41
2011/9/30,2011/10/31,41,41
2011/10/1,2011/11/1,0,0
2011/10/2,2011/11/2,0,0
2011/10/3,2011/11/3,0,0
2011/10/4,2011/11/4,0,0
2011/10/5,2011/11/5,0,0
2011/10/6,2011/11/6,0,0
2011/10/7,2011/11/7,0,0
2011/10/8,2011/11/8,0,0
2011/10/9,2011/11/9,0,0
2011/10/10,2011/11/10,0,0
2011/10/11,2011/11/11,0,0
2011/10/12,2011/11/12,0,0
2011/10/13,2011/11/13,0,0
2011/10/14,2011/11/14,0,0
2011/10/15,2011/11/15,0,0
2011/10/16,2011/11/16,0,0
2011/10/17,2011/11/17,0,0
2011/10/18,2011/11/18,0,0
2011/10/19,2011/11/19,0,0
2011/10/20,2011/11/20,0,0
2011/10/21,2011/11/21,0,0
2011/10/22,2011/11/22,0,0
2011/10/23,2011/11/23,0,0
2011/10/24,2011/11/24,0,0
2011/10/25,2011/11/25,0,0
2011/10/26,2011/11/26,0,0
2011/10/27,2011/11/27,0,0
2011/10/28,2011/11/28,0,0
2011/10/29,2011/11/29,0,0
2011/10/30,2011/11/30,0,0
2011/10/31,2011/12/1,0,40
2011/11/1,2011/12/2,40,40
2011/11/2,2011/12/3,40,40
2011/11/3,2011/12/4,40,40
2011/11/4,2011/12/5,40,40
2011/11/5,2011/12/6,40,40
2011/11/6,2011/12/7,40,40
2011/11/7,2011/12/8,40,40
2011/11/8,2011/12/9,40,40
2011/11/9,2011/12/10,40,40
2011/11/10,2011/12/11,40,40
2011/11/11,2011/12/12,40,40
2011/11/12,2011/12/13,40,40
2011/11/13,2011/12/14,40,40
2011/11/14,2011/12/15,40,40
2011/11/15,2011/12/16,40,40
2011/11/16,2011/12/17,40,40
2011/11/17,2011/12/18,40,40
2011/11/18,2011/12/19,40,40
2011/11/19,2011/12/20,40,40
2011/11/20,2011/12/21,40,40
2011/11/21,2011/12/22,40,40
2011/11/22,2011/12/23,40,40
2011/11/23,2011/12/24,40,40
2011/11/24,2011/12/25,40,40
2011/11/25,2011/12/26,40,40
2011/11/26,2011/12/27,40,40
2011/11/27,2011/12/28,40,40
2011/11/28,2011/12/29,40,40
2011/11/29,2011/12/30,40,40
2011/11/30,2011/12/31,40,40
2011/12/1,2012/1/1,0,0
2011/12/2,2012/1/2,0,0
2011/12/3,2012/1/3,0,0
2011/12/4,2012/1/4,0,0
2011/12/5,2012/1/5,0,0
2011/12/6,2012/1/6,0,0
2011/12/7,2012/1/7,0,0
2011/12/8,2012/1/8,0,0
2011/12/9,2012/1/9,0,0
2011/12/10,2012/1/10,0,0
2011/12/11,2012/1/11,0,0
2011/12/12,2012/1/12,0,0
2011/12/13,2012/1/13,0,0
2011/12/14,2012/1/14,0,0
2011/12/15,2012/1/15,0,0
2011/12/16,2012/1/16,0,0
2011/12/17,2012/1/17,0,0
2011/12/18,2012/1/18,0,0
2011/12/19,2012/1/19,0,0
2011/12/20,2012/1/20,0,0
2011/12/21,2012/1/21,0,0
2011/12/22,2012/1/22,0,0
2011/12/23,2012/1/23,0,0
2011/12/24,2012/1/24,0,0
2011/12/25,2012/1/25,0,0
2011/12/26,2012/1/26,0,0
2011/12/27,2012/1/27,0,0
2011/12/28,2012/1/28,0,0
2011/12/29,2012/1/29,0,0
2011/12/30,2012/1/30,0,0
2011/12/31,2012/1/31,0,0
2012/1/1,2012/2/1,0,0
2012/1/2,2012/2/2,0,0
2012/1/3,2012/2/3,0,0
2012/1/4,2012/2/4,0,0
2012/1/5,2012/2/5,0,0
2012/1/6,2012/2/6,0,0
2012/1/7,2012/2/7,0,0
2012/1/8,2012/2/8,0,0
2012/1/9,2012/2/9,0,0
2012/1/10,2012/2/10,0,0
2012/1/11,2012/2/11,0,0
2012/1/12,2012/2/12,0,0
2012/1/13,2012/2/13,0,0
2012/1/14,2012/2/14,0,0
2012/1/15,2012/2/15,0,0
2012/1/16,2012/2/16,0,0
2012/1/17,2012/2/17,0,0
2012/1/18,2012/2/18,0,0
2012/1/19,2012/2/19,0,0
2012/1/20,2012/2/20,0,0
2012/1/21,2012/2/21,0,0
2012/1/22,2012/2/22,0,0
2012/1/23,2012/2/23,0,0
2012/1/24,2012/2/24,0,0
2012/1/25,2012/2/25,0,0
2012/1/26,2012/2/26,0,0
2012/1/27,2012/2/27,0,0
2012/1/28,2012/2/28,0,0
2012/1/29,2012/2/29,0,0
2012/1/30,2012/3/1,0,0
2012/1/31,2012/3/2,0,0
2012/2/1,2012/3/3,0,0
2012/2/2,2012/3/4,0,0
2012/2/3,2012/3/5,0,0
2012/2/4,2012/3/6,0,0
2012/2/5,2012/3/7,0,0
2012/2/6,2012/3/8,0,0
2012/2/7,2012/3/9,0,0
2012/2/8,2012/3/10,0,0
2012/2/9,2012/3/11,0,0
2012/2/10,2012/3/12,0,0
2012/2/11,2012/3/13,0,0
2012/2/12,2012/3/14,0,0
2012/2/13,2012/3/15,0,0
2012/2/14,2012/3/16,0,0
2012/2/15,2012/3/17,0,0
2012/2/16,2012/3/18,0,0
2012/2/17,2012/3/19,0,0
2012/2/18,2012/3/20,0,0
2012/2/19,2012/3/21,0,0
2012/2/20,2012/3/22,0,0
2012/2/21,2012/3/23,0,0
2012/2/22,2012/3/24,0,0
2012/2/23,2012/3/25,0,0
2012/2/24,2012/3/26,0,0
2012/2/25,2012/3/27,0,0
2012/2/26,2012/3/28,0,0
2012/2/27,2012/3/29,0,0
2012/2/28,2012/3/30,0,0
2012/2/29,2012/3/31,0,0
2012/3/1,2012/4/1,0,0
2012/3/2,2012/4/2,0,0
2012/3/3,2012/4/3,0,0
2012/3/4,2012/4/4,0,0
2012/3/5,2012/4/5,0,0
2012/3/6,2012/4/6,0,0
2012/3/7,2012/4/7,0,0
2012/3/8,2012/4/8,0,0
2012/3/9,2012/4/9,0,0
2012/3/10,2012/4/10,0,0
2012/3/11,2012/4/11,0,0
2012/3/12,2012/4/12,0,0
2012/3/13,2012/4/13,0,0
2012/3/14,2012/4/14,0,0
2012/3/15,2012/4/15,0,0
2012/3/16,2012/4/16,0,0
2012/3/17,2012/4/17,0,0
2012/3/18,2012/4/18,0,0
2012/3/19,2012/4/19,0,0
2012/3/20,2012/4/20,0,0
2012/3/21,2012/4/21,0,0
2012/3/22,2012/4/22,0,0
2012/3/23,2012/4/23,0,0
2012/3/24,2012/4/24,0,0
2012/3/25,2012/4/25,0,0
2012/3/26,2012/4/26,0,0
2012/3/27,2012/4/27,0,0
2012/3/28,2012/4/28,0,0
2012/3/29,2012/4/29,0,0
2012/3/30,2012/4/30,0,0
2012/3/31,2012/5/1,0,0
2012/4/1,2012/5/2,0,0
2012/4/2,2012/5/3,0,0
2012/4/3,2012/5/4,0,0
2012/4/4,2012/5/5,0,0
2012/4/5,2012/5/6,0,0
2012/4/6,2012/5/7,0,0
2012/4/7,2012/5/8,0,0
2012/4/8,2012/5/9,0,0
2012/4/9,2012/5/10,0,0
2012/4/10,2012/5/11,0,0
2012/4/11,2012/5/12,0,0
2012/4/12,2012/5/13,0,0
2012/4/13,2012/5/14,0,0
2012/4/14,2012/5/15,0,0
2012/4/15,2012/5/16,0,0
2012/4/16,2012/5/17,0,0
2012/4/17,2012/5/18,0,0
2012/4/18,2012/5/19,0,0
2012/4/19,2012/5/20,0,0
2012/4/20,2012/5/21,0,0
2012/4/21,2012/5/22,0,0
2012/4/22,2012/5/23,0,0
2012/4/23,2012/5/24,0,0
2012/4/24,2012/5/25,0,0
2012/4/25,2012/5/26,0,0
2012/4/26,2012/5/27,0,0
2012/4/27,2012/5/28,0,0
2012/4/28,2012/5/29,0,0
2012/4/29,2012/5/30,0,0
2012/4/30,2012/5/31,0,0
2012/5/1,2012/6/1,0,0
2012/5/2,2012/6/2,0,0
2012/5/3,2012/6/3,0,0
2012/5/4,2012/6/4,0,0
2012/5/5,2012/6/5,0,0
2012/5/6,2012/6/6,0,0
2012/5/7,2012/6/7,0,0
2012/5/8,2012/6/8,0,0
2012/5/9,2012/6/9,0,0
2012/5/10,2012/6/10,0,0
2012/5/11,2012/6/11,0,0
2012/5/12,2012/6/12,0,0
2012/5/13,2012/6/13,0,0
2012/5/14,2012/6/14,0,0
2012/5/15,2012/6/15,0,0
2012/5/16,2012/6/16,0,0
2012/5/17,2012/6/17,0,0
2012/5/18,2012/6/18,0,0
2012/5/19,2012/6/19,0,0
2012/5/20,2012/6/20,0,0
2012/5/21,2012/6/21,0,0
2012/5/22,2012/6/22,0,0
2012/5/23,2012/6/23,0,0
2012/5/24,2012/6/24,0,0
2012/5/25,2012/6/25,0,0
2012/5/26,2012/6/26,0,0
2012/5/27,2012/6/27,0,0
2012/5/28,2012/6/28,0,0
2012/5/29,2012/6/29,0,0
2012/5/30,2012/6/30,0,0
2012/5/31,2012/7/1,0,31
2012/6/1,2012/7/2,31,31
2012/6/2,2012/7/3,31,31
2012/6/3,2012/7/4,31,31
2012/6/4,2012/7/5,31,31
2012/6/5,2012/7/6,31,31
2012/6/6,2012/7/7,31,31
2012/6/7,2012/7/8,31,31
2012/6/8,2012/7/9,31,31
2012/6/9,2012/7/10,31,31
2012/6/10,2012/7/11,31,31
2012/6/11,2012/7/12,31,31
2012/6/12,2012/7/13,31,31
2012/6/13,2012/7/14,31,31
2012/6/14,2012/7/15,31,31
2012/6/15,2012/7/16,31,31
2012/6/16,2012/7/17,31,31
2012/6/17,2012/7/18,31,31
2012/6/18,2012/7/19,31,31
2012/6/19,2012/7/20,31,31
2012/6/20,2012/7/21,31,31
2012/6/21,2012/7/22,31,31
2012/6/22,2012/7/23,31,31
2012/6/23,2012/7/24,31,31
2012/6/24,2012/7/25,31,31
2012/6/25,2012/7/26,31,31
2012/6/26,2012/7/27,31,31
2012/6/27,2012/7/28,31,31
2012/6/28,2012/7/29,31,31
2012/6/29,2012/7/30,31,31
2012/6/30,2012/7/31,31,31
2012/7/1,2012/8/1,0,0
2012/7/2,2012/8/2,0,0
2012/7/3,2012/8/3,0,0
2012/7/4,2012/8/4,0,0
2012/7/5,2012/8/5,0,0
2012/7/6,2012/8/6,0,0
2012/7/7,2012/8/7,0,0
2012/7/8,2012/8/8,0,0
2012/7/9,2012/8/9,0,0
2012/7/10,2012/8/10,0,0
2012/7/11,2012/8/11,0,0
2012/7/12,2012/8/12,0,0
2012/7/13,2012/8/13,0,0
2012/7/14,2012/8/14,0,0
2012/7/15,2012/8/15,0,0
2012/7/16,2012/8/16,0,0
2012/7/17,2012/8/17,0,0
2012/7/18,2012/8/18,0,0
2012/7/19,2012/8/19,0,0
2012/7/20,2012/8/20,0,0
2012/7/21,2012/8/21,0,0
2012/7/22,2012/8/22,0,0
2012/7/23,2012/8/23,0,0
2012/7/24,2012/8/24,0,0
2012/7/25,2012/8/25,0,0
2012/7/26,2012/8/26,0,0
2012/7/27,2012/8/27,0,0
2012/7/28,2012/8/28,0,0
2012/7/29,2012/8/29,0,0
2012/7/30,2012/8/30,0,0
2012/7/31,2012/8/31,0,0
2012/8/1,2012/9/1,0,0
2012/8/2,2012/9/2,0,0
2012/8/3,2012/9/3,0,0
2012/8/4,2012/9/4,0,0
2012/8/5,2012/9/5,0,0
2012/8/6,2012/9/6,0,0
2012/8/7,2012/9/7,0,0
2012/8/8,2012/9/8,0,0
2012/8/9,2012/9/9,0,0
2012/8/10,2012/9/10,0,0
2012/8/11,2012/9/11,0,0
2012/8/12,2012/9/12,0,0
2012/8/13,2012/9/13,0,0
2012/8/14,2012/9/14,0,0
2012/8/15,2012/9/15,0,0
2012/8/16,2012/9/16,0,0
2012/8/17,2012/9/17,0,0
2012/8/18,2012/9/18,0,0
2012/8/19,2012/9/19,0,0
2012/8/20,2012/9/20,0,0
2012/8/21,2012/9/21,0,0
2012/8/22,2012/9/22,0,0
2012/8/23,2012/9/23,0,0
2012/8/24,2012/9/24,0,0
2012/8/25,2012/9/25,0,0
2012/8/26,2012/9/26,0,0
2012/8/27,2012/9/27,0,0
2012/8/28,2012/9/28,0,0
2012/8/29,2012/9/29,0,0
2012/8/30,2012/9/30,0,0
2012/8/31,2012/10/1,0,85
2012/9/1,2012/10/2,85,85
2012/9/2,2012/10/3,85,85
2012/9/3,2012/10/4,85,85
2012/9/4,2012/10/5,85,85
2012/9/5,2012/10/6,85,85
2012/9/6,2012/10/7,85,85
2012/9/7,2012/10/8,85,85
2012/9/8,2012/10/9,85,85
2012/9/9,2012/10/10,85,85
2012/9/10,2012/10/11,85,85
2012/9/11,2012/10/12,85,85
2012/9/12,2012/10/13,85,85
2012/9/13,2012/10/14,85,85
2012/9/14,2012/10/15,85,85
2012/9/15,2012/10/16,85,85
2012/9/16,2012/10/17,85,85
2012/9/17,2012/10/18,85,85
2012/9/18,2012/10/19,85,85
2012/9/19,2012/10/20,85,85
2012/9/20,2012/10/21,85,85
2012/9/21,2012/10/22,85,85
2012/9/22,2012/10/23,85,85
2012/9/23,2012/10/24,85,85
2012/9/24,2012/10/25,85,85
2012/9/25,2012/10/26,85,85
2012/9/26,2012/10/27,85,85
2012/9/27,2012/10/28,85,85
2012/9/28,2012/10/29,85,85
2012/9/29,2012/10/30,85,85
2012/9/30,2012/10/31,85,85
2012/10/1,2012/11/1,52,52
2012/10/2,2012/11/2,52,52
2012/10/3,2012/11/3,52,52
2012/10/4,2012/11/4,52,52
2012/10/5,2012/11/5,52,52
2012/10/6,2012/11/6,52,52
2012/10/7,2012/11/7,52,52
2012/10/8,2012/11/8,52,52
2012/10/9,2012/11/9,52,52
2012/10/10,2012/11/10,52,52
2012/10/11,2012/11/11,52,52
2012/10/12,2012/11/12,52,52
2012/10/13,2012/11/13,52,52
2012/10/14,2012/11/14,52,52
2012/10/15,2012/11/15,52,52
2012/10/16,2012/11/16,52,52
2012/10/17,2012/11/17,52,52
2012/10/18,2012/11/18,52,52
2012/10/19,2012/11/19,52,52
2012/10/20,2012/11/20,52,52
2012/10/21,2012/11/21,52,52
2012/10/22,2012/11/22,52,52
2012/10/23,2012/11/23,52,52
2012/10/24,2012/11/24,52,52
2012/10/25,2012/11/25,52,52
2012/10/26,2012/11/26,52,52
2012/10/27,2012/11/27,52,52
2012/10/28,2012/11/28,52,52
2012/10/29,2012/11/29,52,52
2012/10/30,2012/11/30,52,52
2012/10/31,2012/12/1,52,54
2012/11/1,2012/12/2,54,54
2012/11/2,2012/12/3,54,54
2012/11/3,2012/12/4,54,54
2012/11/4,2012/12/5,54,54
2012/11/5,2012/12/6,54,54
2012/11/6,2012/12/7,54,54
2012/11/7,2012/12/8,54,54
2012/11/8,2012/12/9,54,54
2012/11/9,2012/12/10,54,54
2012/11/10,2012/12/11,54,54
2012/11/11,2012/12/12,54,54
2012/11/12,2012/12/13,54,54
2012/11/13,2012/12/14,54,54
2012/11/14,2012/12/15,54,54
2012/11/15,2012/12/16,54,54
2012/11/16,2012/12/17,54,54
2012/11/17,2012/12/18,54,54
2012/11/18,2012/12/19,54,54
2012/11/19,2012/12/20,54,54
2012/11/20,2012/12/21,54,54
2012/11/21,2012/12/22,54,54
2012/11/22,2012/12/23,54,54
2012/11/23,2012/12/24,54,54
2012/11/24,2012/12/25,54,54
2012/11/25,2012/12/26,54,54
2012/11/26,2012/12/27,54,54
2012/11/27,2012/12/28,54,54
2012/11/28,2012/12/29,54,54
2012/11/29,2012/12/30,54,54
2012/11/30,2012/12/31,54,54
2012/12/1,2013/1/1,0,0
2012/12/2,2013/1/2,0,0
2012/12/3,2013/1/3,0,0
2012/12/4,2013/1/4,0,0
2012/12/5,2013/1/5,0,0
2012/12/6,2013/1/6,0,0
2012/12/7,2013/1/7,0,0
2012/12/8,2013/1/8,0,0
2012/12/9,2013/1/9,0,0
2012/12/10,2013/1/10,0,0
2012/12/11,2013/1/11,0,0
2012/12/12,2013/1/12,0,0
2012/12/13,2013/1/13,0,0
2012/12/14,2013/1/14,0,0
2012/12/15,2013/1/15,0,0
2012/12/16,2013/1/16,0,0
2012/12/17,2013/1/17,0,0
2012/12/18,2013/1/18,0,0
2012/12/19,2013/1/19,0,0
2012/12/20,2013/1/20,0,0
2012/12/21,2013/1/21,0,0
2012/12/22,2013/1/22,0,0
2012/12/23,2013/1/23,0,0
2012/12/24,2013/1/24,0,0
2012/12/25,2013/1/25,0,0
2012/12/26,2013/1/26,0,0
2012/12/27,2013/1/27,0,0
2012/12/28,2013/1/28,0,0
2012/12/29,2013/1/29,0,0
2012/12/30,2013/1/30,0,0
2012/12/31,2013/1/31,0,0
2013/1/1,2013/2/1,48,48
2013/1/2,2013/2/2,48,48
2013/1/3,2013/2/3,48,48
2013/1/4,2013/2/4,48,48
2013/1/5,2013/2/5,48,48
2013/1/6,2013/2/6,48,48
2013/1/7,2013/2/7,48,48
2013/1/8,2013/2/8,48,48
2013/1/9,2013/2/9,48,48
2013/1/10,2013/2/10,48,48
2013/1/11,2013/2/11,48,48
2013/1/12,2013/2/12,48,48
2013/1/13,2013/2/13,48,48
2013/1/14,2013/2/14,48,48
2013/1/15,2013/2/15,48,48
2013/1/16,2013/2/16,48,48
2013/1/17,2013/2/17,48,48
2013/1/18,2013/2/18,48,48
2013/1/19,2013/2/19,48,48
2013/1/20,2013/2/20,48,48
2013/1/21,2013/2/21,48,48
2013/1/22,2013/2/22,48,48
2013/1/23,2013/2/23,48,48
2013/1/24,2013/2/24,48,48
2013/1/25,2013/2/25,48,48
2013/1/26,2013/2/26,48,48
2013/1/27,2013/2/27,48,48
2013/1/28,2013/2/28,48,48
2013/1/29,2013/3/1,48,26
2013/1/30,2013/3/2,48,26
2013/1/31,2013/3/3,48,26
2013/2/1,2013/3/4,26,26
2013/2/2,2013/3/5,26,26
2013/2/3,2013/3/6,26,26
2013/2/4,2013/3/7,26,26
2013/2/5,2013/3/8,26,26
2013/2/6,2013/3/9,26,26
2013/2/7,2013/3/10,26,26
2013/2/8,2013/3/11,26,26
2013/2/9,2013/3/12,26,26
2013/2/10,2013/3/13,26,26
2013/2/11,2013/3/14,26,26
2013/2/12,2013/3/15,26,26
2013/2/13,2013/3/16,26,26
2013/2/14,2013/3/17,26,26
2013/2/15,2013/3/18,26,26
2013/2/16,2013/3/19,26,26
2013/2/17,2013/3/20,26,26
2013/2/18,2013/3/21,26,26
2013/2/19,2013/3/22,26,26
2013/2/20,2013/3/23,26,26
2013/2/21,2013/3/24,26,26
2013/2/22,2013/3/25,26,26
2013/2/23,2013/3/26,26,26
2013/2/24,2013/3/27,26,26
2013/2/25,2013/3/28,26,26
2013/2/26,2013/3/29,26,26
2013/2/27,2013/3/30,26,26
2013/2/28,2013/3/31,26,26
2013/3/1,2013/4/1,45,45
2013/3/2,2013/4/2,45,45
2013/3/3,2013/4/3,45,45
2013/3/4,2013/4/4,45,45
2013/3/5,2013/4/5,45,45
2013/3/6,2013/4/6,45,45
2013/3/7,2013/4/7,45,45
2013/3/8,2013/4/8,45,45
2013/3/9,2013/4/9,45,45
2013/3/10,2013/4/10,45,45
2013/3/11,2013/4/11,45,45
2013/3/12,2013/4/12,45,45
2013/3/13,2013/4/13,45,45
2013/3/14,2013/4/14,45,45
2013/3/15,2013/4/15,45,45
2013/3/16,2013/4/16,45,45
2013/3/17,2013/4/17,45,45
2013/3/18,2013/4/18,45,45
2013/3/19,2013/4/19,45,45
2013/3/20,2013/4/20,45,45
2013/3/21,2013/4/21,45,45
2013/3/22,2013/4/22,45,45
2013/3/23,2013/4/23,45,45
2013/3/24,2013/4/24,45,45
2013/3/25,2013/4/25,45,45
2013/3/26,2013/4/26,45,45
2013/3/27,2013/4/27,45,45
2013/3/28,2013/4/28,45,45
2013/3/29,2013/4/29,45,45
2013/3/30,2013/4/30,45,45
2013/3/31,2013/5/1,45,69
2013/4/1,2013/5/2,69,69
2013/4/2,2013/5/3,69,69
2013/4/3,2013/5/4,69,69
2013/4/4,2013/5/5,69,69
2013/4/5,2013/5/6,69,69
2013/4/6,2013/5/7,69,69
2013/4/7,2013/5/8,69,69
2013/4/8,2013/5/9,69,69
2013/4/9,2013/5/10,69,69
2013/4/10,2013/5/11,69,69
2013/4/11,2013/5/12,69,69
2013/4/12,2013/5/13,69,69
2013/4/13,2013/5/14,69,69
2013/4/14,2013/5/15,69,69
2013/4/15,2013/5/16,69,69
2013/4/16,2013/5/17,69,69
2013/4/17,2013/5/18,69,69
2013/4/18,2013/5/19,69,69
2013/4/19,2013/5/20,69,69
2013/4/20,2013/5/21,69,69
2013/4/21,2013/5/22,69,69
2013/4/22,2013/5/23,69,69
2013/4/23,2013/5/24,69,69
2013/4/24,2013/5/25,69,69
2013/4/25,2013/5/26,69,69
2013/4/26,2013/5/27,69,69
2013/4/27,2013/5/28,69,69
2013/4/28,2013/5/29,69,69
2013/4/29,2013/5/30,69,69
2013/4/30,2013/5/31,69,69
2013/5/1,2013/6/1,43,43
2013/5/2,2013/6/2,43,43
2013/5/3,2013/6/3,43,43
2013/5/4,2013/6/4,43,43
2013/5/5,2013/6/5,43,43
2013/5/6,2013/6/6,43,43
2013/5/7,2013/6/7,43,43
2013/5/8,2013/6/8,43,43
2013/5/9,2013/6/9,43,43
2013/5/10,2013/6/10,43,43
2013/5/11,2013/6/11,43,43
2013/5/12,2013/6/12,43,43
2013/5/13,2013/6/13,43,43
2013/5/14,2013/6/14,43,43
2013/5/15,2013/6/15,43,43
2013/5/16,2013/6/16,43,43
2013/5/17,2013/6/17,43,43
2013/5/18,2013/6/18,43,43
2013/5/19,2013/6/19,43,43
2013/5/20,2013/6/20,43,43
2013/5/21,2013/6/21,43,43
2013/5/22,2013/6/22,43,43
2013/5/23,2013/6/23,43,43
2013/5/24,2013/6/24,43,43
2013/5/25,2013/6/25,43,43
2013/5/26,2013/6/26,43,43
2013/5/27,2013/6/27,43,43
2013/5/28,2013/6/28,43,43
2013/5/29,2013/6/29,43,43
2013/5/30,2013/6/30,43,43
2013/5/31,2013/7/1,43,0
2013/6/1,2013/7/2,0,0
2013/6/2,2013/7/3,0,0
2013/6/3,2013/7/4,0,0
2013/6/4,2013/7/5,0,0
2013/6/5,2013/7/6,0,0
2013/6/6,2013/7/7,0,0
2013/6/7,2013/7/8,0,0
2013/6/8,2013/7/9,0,0
2013/6/9,2013/7/10,0,0
2013/6/10,2013/7/11,0,0
2013/6/11,2013/7/12,0,0
2013/6/12,2013/7/13,0,0
2013/6/13,2013/7/14,0,0
2013/6/14,2013/7/15,0,0
2013/6/15,2013/7/16,0,0
2013/6/16,2013/7/17,0,0
2013/6/17,2013/7/18,0,0
2013/6/18,2013/7/19,0,0
2013/6/19,2013/7/20,0,0
2013/6/20,2013/7/21,0,0
2013/6/21,2013/7/22,0,0
2013/6/22,2013/7/23,0,0
2013/6/23,2013/7/24,0,0
2013/6/24,2013/7/25,0,0
2013/6/25,2013/7/26,0,0
2013/6/26,2013/7/27,0,0
2013/6/27,2013/7/28,0,0
2013/6/28,2013/7/29,0,0
2013/6/29,2013/7/30,0,0
2013/6/30,2013/7/31,0,0
2013/7/1,2013/8/1,61,61
2013/7/2,2013/8/2,61,61
2013/7/3,2013/8/3,61,61
2013/7/4,2013/8/4,61,61
2013/7/5,2013/8/5,61,61
2013/7/6,2013/8/6,61,61
2013/7/7,2013/8/7,61,61
2013/7/8,2013/8/8,61,61
2013/7/9,2013/8/9,61,61
2013/7/10,2013/8/10,61,61
2013/7/11,2013/8/11,61,61
2013/7/12,2013/8/12,61,61
2013/7/13,2013/8/13,61,61
2013/7/14,2013/8/14,61,61
2013/7/15,2013/8/15,61,61
2013/7/16,2013/8/16,61,61
2013/7/17,2013/8/17,61,61
2013/7/18,2013/8/18,61,61
2013/7/19,2013/8/19,61,61
2013/7/20,2013/8/20,61,61
2013/7/21,2013/8/21,61,61
2013/7/22,2013/8/22,61,61
2013/7/23,2013/8/23,61,61
2013/7/24,2013/8/24,61,61
2013/7/25,2013/8/25,61,61
2013/7/26,2013/8/26,61,61
2013/7/27,2013/8/27,61,61
2013/7/28,2013/8/28,61,61
2013/7/29,2013/8/29,61,61
2013/7/30,2013/8/30,61,61
2013/7/31,2013/8/31,61,61
2013/8/1,2013/9/1,0,0
2013/8/2,2013/9/2,0,0
2013/8/3,2013/9/3,0,0
2013/8/4,2013/9/4,0,0
2013/8/5,2013/9/5,0,0
2013/8/6,2013/9/6,0,0
2013/8/7,2013/9/7,0,0
2013/8/8,2013/9/8,0,0
2013/8/9,2013/9/9,0,0
2013/8/10,2013/9/10,0,0
2013/8/11,2013/9/11,0,0
2013/8/12,2013/9/12,0,0
2013/8/13,2013/9/13,0,0
2013/8/14,2013/9/14,0,0
2013/8/15,2013/9/15,0,0
2013/8/16,2013/9/16,0,0
2013/8/17,2013/9/17,0,0
2013/8/18,2013/9/18,0,0
2013/8/19,2013/9/19,0,0
2013/8/20,2013/9/20,0,0
2013/8/21,2013/9/21,0,0
2013/8/22,2013/9/22,0,0
2013/8/23,2013/9/23,0,0
2013/8/24,2013/9/24,0,0
2013/8/25,2013/9/25,0,0
2013/8/26,2013/9/26,0,0
2013/8/27,2013/9/27,0,0
2013/8/28,2013/9/28,0,0
2013/8/29,2013/9/29,0,0
2013/8/30,2013/9/30,0,0
2013/8/31,2013/10/1,0,21
2013/9/1,2013/10/2,21,21
2013/9/2,2013/10/3,21,21
2013/9/3,2013/10/4,21,21
2013/9/4,2013/10/5,21,21
2013/9/5,2013/10/6,21,21
2013/9/6,2013/10/7,21,21
2013/9/7,2013/10/8,21,21
2013/9/8,2013/10/9,21,21
2013/9/9,2013/10/10,21,21
2013/9/10,2013/10/11,21,21
2013/9/11,2013/10/12,21,21
2013/9/12,2013/10/13,21,21
2013/9/13,2013/10/14,21,21
2013/9/14,2013/10/15,21,21
2013/9/15,2013/10/16,21,21
2013/9/16,2013/10/17,21,21
2013/9/17,2013/10/18,21,21
2013/9/18,2013/10/19,21,21
2013/9/19,2013/10/20,21,21
2013/9/20,2013/10/21,21,21
2013/9/21,2013/10/22,21,21
2013/9/22,2013/10/23,21,21
2013/9/23,2013/10/24,21,21
2013/9/24,2013/10/25,21,21
2013/9/25,2013/10/26,21,21
2013/9/26,2013/10/27,21,21
2013/9/27,2013/10/28,21,21
2013/9/28,2013/10/29,21,21
2013/9/29,2013/10/30,21,21
2013/9/30,2013/10/31,21,21
2013/10/1,2013/11/1,20,20
2013/10/2,2013/11/2,20,20
2013/10/3,2013/11/3,20,20
2013/10/4,2013/11/4,20,20
2013/10/5,2013/11/5,20,20
2013/10/6,2013/11/6,20,20
2013/10/7,2013/11/7,20,20
2013/10/8,2013/11/8,20,20
2013/10/9,2013/11/9,20,20
2013/10/10,2013/11/10,20,20
2013/10/11,2013/11/11,20,20
2013/10/12,2013/11/12,20,20
2013/10/13,2013/11/13,20,20
2013/10/14,2013/11/14,20,20
2013/10/15,2013/11/15,20,20
2013/10/16,2013/11/16,20,20
2013/10/17,2013/11/17,20,20
2013/10/18,2013/11/18,20,20
2013/10/19,2013/11/19,20,20
2013/10/20,2013/11/20,20,20
2013/10/21,2013/11/21,20,20
2013/10/22,2013/11/22,20,20
2013/10/23,2013/11/23,20,20
2013/10/24,2013/11/24,20,20
2013/10/25,2013/11/25,20,20
2013/10/26,2013/11/26,20,20
2013/10/27,2013/11/27,20,20
2013/10/28,2013/11/28,20,20
2013/10/29,2013/11/29,20,20
2013/10/30,2013/11/30,20,20
2013/10/31,2013/12/1,20,21
2013/11/1,2013/12/2,21,21
2013/11/2,2013/12/3,21,21
2013/11/3,2013/12/4,21,21
2013/11/4,2013/12/5,21,21
2013/11/5,2013/12/6,21,21
2013/11/6,2013/12/7,21,21
2013/11/7,2013/12/8,21,21
2013/11/8,2013/12/9,21,21
2013/11/9,2013/12/10,21,21
2013/11/10,2013/12/11,21,21
2013/11/11,2013/12/12,21,21
2013/11/12,2013/12/13,21,21
2013/11/13,2013/12/14,21,21
2013/11/14,2013/12/15,21,21
2013/11/15,2013/12/16,21,21
2013/11/16,2013/12/17,21,21
2013/11/17,2013/12/18,21,21
2013/11/18,2013/12/19,21,21
2013/11/19,2013/12/20,21,21
2013/11/20,2013/12/21,21,21
2013/11/21,2013/12/22,21,21
2013/11/22,2013/12/23,21,21
2013/11/23,2013/12/24,21,21
2013/11/24,2013/12/25,21,21
2013/11/25,2013/12/26,21,21
2013/11/26,2013/12/27,21,21
2013/11/27,2013/12/28,21,21
2013/11/28,2013/12/29,21,21
2013/11/29,2013/12/30,21,21
2013/11/30,2013/12/31,21,21
2013/12/1,2014/1/1,21,21
2013/12/2,2014/1/2,21,21
2013/12/3,2014/1/3,21,21
2013/12/4,2014/1/4,21,21
2013/12/5,2014/1/5,21,21
2013/12/6,2014/1/6,21,21
2013/12/7,2014/1/7,21,21
2013/12/8,2014/1/8,21,21
2013/12/9,2014/1/9,21,21
2013/12/10,2014/1/10,21,21
2013/12/11,2014/1/11,21,21
2013/12/12,2014/1/12,21,21
2013/12/13,2014/1/13,21,21
2013/12/14,2014/1/14,21,21
2013/12/15,2014/1/15,21,21
2013/12/16,2014/1/16,21,21
2013/12/17,2014/1/17,21,21
2013/12/18,2014/1/18,21,21
2013/12/19,2014/1/19,21,21
2013/12/20,2014/1/20,21,21
2013/12/21,2014/1/21,21,21
2013/12/22,2014/1/22,21,21
2013/12/23,2014/1/23,21,21
2013/12/24,2014/1/24,21,21
2013/12/25,2014/1/25,21,21
2013/12/26,2014/1/26,21,21
2013/12/27,2014/1/27,21,21
2013/12/28,2014/1/28,21,21
2013/12/29,2014/1/29,21,21
2013/12/30,2014/1/30,21,21
2013/12/31,2014/1/31,21,21
2014/1/1,2014/2/1,60,60
2014/1/2,2014/2/2,60,60
2014/1/3,2014/2/3,60,60
2014/1/4,2014/2/4,60,60
2014/1/5,2014/2/5,60,60
2014/1/6,2014/2/6,60,60
2014/1/7,2014/2/7,60,60
2014/1/8,2014/2/8,60,60
2014/1/9,2014/2/9,60,60
2014/1/10,2014/2/10,60,60
2014/1/11,2014/2/11,60,60
2014/1/12,2014/2/12,60,60
2014/1/13,2014/2/13,60,60
2014/1/14,2014/2/14,60,60
2014/1/15,2014/2/15,60,60
2014/1/16,2014/2/16,60,60
2014/1/17,2014/2/17,60,60
2014/1/18,2014/2/18,60,60
2014/1/19,2014/2/19,60,60
2014/1/20,2014/2/20,60,60
2014/1/21,2014/2/21,60,60
2014/1/22,2014/2/22,60,60
2014/1/23,2014/2/23,60,60
2014/1/24,2014/2/24,60,60
2014/1/25,2014/2/25,60,60
2014/1/26,2014/2/26,60,60
2014/1/27,2014/2/27,60,60
2014/1/28,2014/2/28,60,60
2014/1/29,2014/3/1,60,44
2014/1/30,2014/3/2,60,44
2014/1/31,2014/3/3,60,44
2014/2/1,2014/3/4,44,44
2014/2/2,2014/3/5,44,44
2014/2/3,2014/3/6,44,44
2014/2/4,2014/3/7,44,44
2014/2/5,2014/3/8,44,44
2014/2/6,2014/3/9,44,44
2014/2/7,2014/3/10,44,44
2014/2/8,2014/3/11,44,44
2014/2/9,2014/3/12,44,44
2014/2/10,2014/3/13,44,44
2014/2/11,2014/3/14,44,44
2014/2/12,2014/3/15,44,44
2014/2/13,2014/3/16,44,44
2014/2/14,2014/3/17,44,44
2014/2/15,2014/3/18,44,44
2014/2/16,2014/3/19,44,44
2014/2/17,2014/3/20,44,44
2014/2/18,2014/3/21,44,44
2014/2/19,2014/3/22,44,44
2014/2/20,2014/3/23,44,44
2014/2/21,2014/3/24,44,44
2014/2/22,2014/3/25,44,44
2014/2/23,2014/3/26,44,44
2014/2/24,2014/3/27,44,44
2014/2/25,2014/3/28,44,44
2014/2/26,2014/3/29,44,44
2014/2/27,2014/3/30,44,44
2014/2/28,2014/3/31,44,44
2014/3/1,2014/4/1,20,20
2014/3/2,2014/4/2,20,20
2014/3/3,2014/4/3,20,20
2014/3/4,2014/4/4,20,20
2014/3/5,2014/4/5,20,20
2014/3/6,2014/4/6,20,20
2014/3/7,2014/4/7,20,20
2014/3/8,2014/4/8,20,20
2014/3/9,2014/4/9,20,20
2014/3/10,2014/4/10,20,20
2014/3/11,2014/4/11,20,20
2014/3/12,2014/4/12,20,20
2014/3/13,2014/4/13,20,20
2014/3/14,2014/4/14,20,20
2014/3/15,2014/4/15,20,20
2014/3/16,2014/4/16,20,20
2014/3/17,2014/4/17,20,20
2014/3/18,2014/4/18,20,20
2014/3/19,2014/4/19,20,20
2014/3/20,2014/4/20,20,20
2014/3/21,2014/4/21,20,20
2014/3/22,2014/4/22,20,20
2014/3/23,2014/4/23,20,20
2014/3/24,2014/4/24,20,20
2014/3/25,2014/4/25,20,20
2014/3/26,2014/4/26,20,20
2014/3/27,2014/4/27,20,20
2014/3/28,2014/4/28,20,20
2014/3/29,2014/4/29,20,20
2014/3/30,2014/4/30,20,20
2014/3/31,2014/5/1,20,20
2014/4/1,2014/5/2,20,20
2014/4/2,2014/5/3,20,20
2014/4/3,2014/5/4,20,20
2014/4/4,2014/5/5,20,20
2014/4/5,2014/5/6,20,20
2014/4/6,2014/5/7,20,20
2014/4/7,2014/5/8,20,20
2014/4/8,2014/5/9,20,20
2014/4/9,2014/5/10,20,20
2014/4/10,2014/5/11,20,20
2014/4/11,2014/5/12,20,20
2014/4/12,2014/5/13,20,20
2014/4/13,2014/5/14,20,20
2014/4/14,2014/5/15,20,20
2014/4/15,2014/5/16,20,20
2014/4/16,2014/5/17,20,20
2014/4/17,2014/5/18,20,20
2014/4/18,2014/5/19,20,20
2014/4/19,2014/5/20,20,20
2014/4/20,2014/5/21,20,20
2014/4/21,2014/5/22,20,20
2014/4/22,2014/5/23,20,20
2014/4/23,2014/5/24,20,20
2014/4/24,2014/5/25,20,20
2014/4/25,2014/5/26,20,20
2014/4/26,2014/5/27,20,20
2014/4/27,2014/5/28,20,20
2014/4/28,2014/5/29,20,20
2014/4/29,2014/5/30,20,20
2014/4/30,2014/5/31,20,20
2014/5/1,2014/6/1,0,0
2014/5/2,2014/6/2,0,0
2014/5/3,2014/6/3,0,0
2014/5/4,2014/6/4,0,0
2014/5/5,2014/6/5,0,0
2014/5/6,2014/6/6,0,0
2014/5/7,2014/6/7,0,0
2014/5/8,2014/6/8,0,0
2014/5/9,2014/6/9,0,0
2014/5/10,2014/6/10,0,0
2014/5/11,2014/6/11,0,0
2014/5/12,2014/6/12,0,0
2014/5/13,2014/6/13,0,0
2014/5/14,2014/6/14,0,0
2014/5/15,2014/6/15,0,0
2014/5/16,2014/6/16,0,0
2014/5/17,2014/6/17,0,0
2014/5/18,2014/6/18,0,0
2014/5/19,2014/6/19,0,0
2014/5/20,2014/6/20,0,0
2014/5/21,2014/6/21,0,0
2014/5/22,2014/6/22,0,0
2014/5/23,2014/6/23,0,0
2014/5/24,2014/6/24,0,0
2014/5/25,2014/6/25,0,0
2014/5/26,2014/6/26,0,0
2014/5/27,2014/6/27,0,0
2014/5/28,2014/6/28,0,0
2014/5/29,2014/6/29,0,0
2014/5/30,2014/6/30,0,0
2014/5/31,2014/7/1,0,23
2014/6/1,2014/7/2,23,23
2014/6/2,2014/7/3,23,23
2014/6/3,2014/7/4,23,23
2014/6/4,2014/7/5,23,23
2014/6/5,2014/7/6,23,23
2014/6/6,2014/7/7,23,23
2014/6/7,2014/7/8,23,23
2014/6/8,2014/7/9,23,23
2014/6/9,2014/7/10,23,23
2014/6/10,2014/7/11,23,23
2014/6/11,2014/7/12,23,23
2014/6/12,2014/7/13,23,23
2014/6/13,2014/7/14,23,23
2014/6/14,2014/7/15,23,23
2014/6/15,2014/7/16,23,23
2014/6/16,2014/7/17,23,23
2014/6/17,2014/7/18,23,23
2014/6/18,2014/7/19,23,23
2014/6/19,2014/7/20,23,23
2014/6/20,2014/7/21,23,23
2014/6/21,2014/7/22,23,23
2014/6/22,2014/7/23,23,23
2014/6/23,2014/7/24,23,23
2014/6/24,2014/7/25,23,23
2014/6/25,2014/7/26,23,23
2014/6/26,2014/7/27,23,23
2014/6/27,2014/7/28,23,23
2014/6/28,2014/7/29,23,23
2014/6/29,2014/7/30,23,23
2014/6/30,2014/7/31,23,23
2014/7/1,2014/8/1,0,0
2014/7/2,2014/8/2,0,0
2014/7/3,2014/8/3,0,0
2014/7/4,2014/8/4,0,0
2014/7/5,2014/8/5,0,0
2014/7/6,2014/8/6,0,0
2014/7/7,2014/8/7,0,0
2014/7/8,2014/8/8,0,0
2014/7/9,2014/8/9,0,0
2014/7/10,2014/8/10,0,0
2014/7/11,2014/8/11,0,0
2014/7/12,2014/8/12,0,0
2014/7/13,2014/8/13,0,0
2014/7/14,2014/8/14,0,0
2014/7/15,2014/8/15,0,0
2014/7/16,2014/8/16,0,0
2014/7/17,2014/8/17,0,0
2014/7/18,2014/8/18,0,0
2014/7/19,2014/8/19,0,0
2014/7/20,2014/8/20,0,0
2014/7/21,2014/8/21,0,0
2014/7/22,2014/8/22,0,0
2014/7/23,2014/8/23,0,0
2014/7/24,2014/8/24,0,0
2014/7/25,2014/8/25,0,0
2014/7/26,2014/8/26,0,0
2014/7/27,2014/8/27,0,0
2014/7/28,2014/8/28,0,0
2014/7/29,2014/8/29,0,0
2014/7/30,2014/8/30,0,0
2014/7/31,2014/8/31,0,0
2014/8/1,2014/9/1,44,44
2014/8/2,2014/9/2,44,44
2014/8/3,2014/9/3,44,44
2014/8/4,2014/9/4,44,44
2014/8/5,2014/9/5,44,44
2014/8/6,2014/9/6,44,44
2014/8/7,2014/9/7,44,44
2014/8/8,2014/9/8,44,44
2014/8/9,2014/9/9,44,44
2014/8/10,2014/9/10,44,44
2014/8/11,2014/9/11,44,44
2014/8/12,2014/9/12,44,44
2014/8/13,2014/9/13,44,44
2014/8/14,2014/9/14,44,44
2014/8/15,2014/9/15,44,44
2014/8/16,2014/9/16,44,44
2014/8/17,2014/9/17,44,44
2014/8/18,2014/9/18,44,44
2014/8/19,2014/9/19,44,44
2014/8/20,2014/9/20,44,44
2014/8/21,2014/9/21,44,44
2014/8/22,2014/9/22,44,44
2014/8/23,2014/9/23,44,44
2014/8/24,2014/9/24,44,44
2014/8/25,2014/9/25,44,44
2014/8/26,2014/9/26,44,44
2014/8/27,2014/9/27,44,44
2014/8/28,2014/9/28,44,44
2014/8/29,2014/9/29,44,44
2014/8/30,2014/9/30,44,44
2014/8/31,2014/10/1,44,46
2014/9/1,2014/10/2,46,46
2014/9/2,2014/10/3,46,46
2014/9/3,2014/10/4,46,46
2014/9/4,2014/10/5,46,46
2014/9/5,2014/10/6,46,46
2014/9/6,2014/10/7,46,46
2014/9/7,2014/10/8,46,46
2014/9/8,2014/10/9,46,46
2014/9/9,2014/10/10,46,46
2014/9/10,2014/10/11,46,46
2014/9/11,2014/10/12,46,46
2014/9/12,2014/10/13,46,46
2014/9/13,2014/10/14,46,46
2014/9/14,2014/10/15,46,46
2014/9/15,2014/10/16,46,46
2014/9/16,2014/10/17,46,46
2014/9/17,2014/10/18,46,46
2014/9/18,2014/10/19,46,46
2014/9/19,2014/10/20,46,46
2014/9/20,2014/10/21,46,46
2014/9/21,2014/10/22,46,46
2014/9/22,2014/10/23,46,46
2014/9/23,2014/10/24,46,46
2014/9/24,2014/10/25,46,46
2014/9/25,2014/10/26,46,46
2014/9/26,2014/10/27,46,46
2014/9/27,2014/10/28,46,46
2014/9/28,2014/10/29,46,46
2014/9/29,2014/10/30,46,46
2014/9/30,2014/10/31,46,46
2014/10/1,2014/11/1,89,89
2014/10/2,2014/11/2,89,89
2014/10/3,2014/11/3,89,89
2014/10/4,2014/11/4,89,89
2014/10/5,2014/11/5,89,89
2014/10/6,2014/11/6,89,89
2014/10/7,2014/11/7,89,89
2014/10/8,2014/11/8,89,89
2014/10/9,2014/11/9,89,89
2014/10/10,2014/11/10,89,89
2014/10/11,2014/11/11,89,89
2014/10/12,2014/11/12,89,89
2014/10/13,2014/11/13,89,89
2014/10/14,2014/11/14,89,89
2014/10/15,2014/11/15,89,89
2014/10/16,2014/11/16,89,89
2014/10/17,2014/11/17,89,89
2014/10/18,2014/11/18,89,89
2014/10/19,2014/11/19,89,89
2014/10/20,2014/11/20,89,89
2014/10/21,2014/11/21,89,89
2014/10/22,2014/11/22,89,89
2014/10/23,2014/11/23,89,89
2014/10/24,2014/11/24,89,89
2014/10/25,2014/11/25,89,89
2014/10/26,2014/11/26,89,89
2014/10/27,2014/11/27,89,89
2014/10/28,2014/11/28,89,89
2014/10/29,2014/11/29,89,89
2014/10/30,2014/11/30,89,89
2014/10/31,2014/12/1,89,45
2014/11/1,2014/12/2,45,45
2014/11/2,2014/12/3,45,45
2014/11/3,2014/12/4,45,45
2014/11/4,2014/12/5,45,45
2014/11/5,2014/12/6,45,45
2014/11/6,2014/12/7,45,45
2014/11/7,2014/12/8,45,45
2014/11/8,2014/12/9,45,45
2014/11/9,2014/12/10,45,45
2014/11/10,2014/12/11,45,45
2014/11/11,2014/12/12,45,45
2014/11/12,2014/12/13,45,45
2014/11/13,2014/12/14,45,45
2014/11/14,2014/12/15,45,45
2014/11/15,2014/12/16,45,45
2014/11/16,2014/12/17,45,45
2014/11/17,2014/12/18,45,45
2014/11/18,2014/12/19,45,45
2014/11/19,2014/12/20,45,45
2014/11/20,2014/12/21,45,45
2014/11/21,2014/12/22,45,45
2014/11/22,2014/12/23,45,45
2014/11/23,2014/12/24,45,45
2014/11/24,2014/12/25,45,45
2014/11/25,2014/12/26,45,45
2014/11/26,2014/12/27,45,45
2014/11/27,2014/12/28,45,45
2014/11/28,2014/12/29,45,45
2014/11/29,2014/12/30,45,45
2014/11/30,2014/12/31,45,45
2014/12/1,2015/1/1,65,65
2014/12/2,2015/1/2,65,65
2014/12/3,2015/1/3,65,65
2014/12/4,2015/1/4,65,65
2014/12/5,2015/1/5,65,65
2014/12/6,2015/1/6,65,65
2014/12/7,2015/1/7,65,65
2014/12/8,2015/1/8,65,65
2014/12/9,2015/1/9,65,65
2014/12/10,2015/1/10,65,65
2014/12/11,2015/1/11,65,65
2014/12/12,2015/1/12,65,65
2014/12/13,2015/1/13,65,65
2014/12/14,2015/1/14,65,65
2014/12/15,2015/1/15,65,65
2014/12/16,2015/1/16,65,65
2014/12/17,2015/1/17,65,65
2014/12/18,2015/1/18,65,65
2014/12/19,2015/1/19,65,65
2014/12/20,2015/1/20,65,65
2014/12/21,2015/1/21,65,65
2014/12/22,2015/1/22,65,65
2014/12/23,2015/1/23,65,65
2014/12/24,2015/1/24,65,65
2014/12/25,2015/1/25,65,65
2014/12/26,2015/1/26,65,65
2014/12/27,2015/1/27,65,65
2014/12/28,2015/1/28,65,65
2014/12/29,2015/1/29,65,65
2014/12/30,2015/1/30,65,65
2014/12/31,2015/1/31,65,65
2015/1/1,2015/2/1,62,62
2015/1/2,2015/2/2,62,62
2015/1/3,2015/2/3,62,62
2015/1/4,2015/2/4,62,62
2015/1/5,2015/2/5,62,62
2015/1/6,2015/2/6,62,62
2015/1/7,2015/2/7,62,62
2015/1/8,2015/2/8,62,62
2015/1/9,2015/2/9,62,62
2015/1/10,2015/2/10,62,62
2015/1/11,2015/2/11,62,62
2015/1/12,2015/2/12,62,62
2015/1/13,2015/2/13,62,62
2015/1/14,2015/2/14,62,62
2015/1/15,2015/2/15,62,62
2015/1/16,2015/2/16,62,62
2015/1/17,2015/2/17,62,62
2015/1/18,2015/2/18,62,62
2015/1/19,2015/2/19,62,62
2015/1/20,2015/2/20,62,62
2015/1/21,2015/2/21,62,62
2015/1/22,2015/2/22,62,62
2015/1/23,2015/2/23,62,62
2015/1/24,2015/2/24,62,62
2015/1/25,2015/2/25,62,62
2015/1/26,2015/2/26,62,62
2015/1/27,2015/2/27,62,62
2015/1/28,2015/2/28,62,62
2015/1/29,2015/3/1,62,67
2015/1/30,2015/3/2,62,67
2015/1/31,2015/3/3,62,67
2015/2/1,2015/3/4,67,67
2015/2/2,2015/3/5,67,67
2015/2/3,2015/3/6,67,67
2015/2/4,2015/3/7,67,67
2015/2/5,2015/3/8,67,67
2015/2/6,2015/3/9,67,67
2015/2/7,2015/3/10,67,67
2015/2/8,2015/3/11,67,67
2015/2/9,2015/3/12,67,67
2015/2/10,2015/3/13,67,67
2015/2/11,2015/3/14,67,67
2015/2/12,2015/3/15,67,67
2015/2/13,2015/3/16,67,67
2015/2/14,2015/3/17,67,67
2015/2/15,2015/3/18,67,67
2015/2/16,2015/3/19,67,67
2015/2/17,2015/3/20,67,67
2015/2/18,2015/3/21,67,67
2015/2/19,2015/3/22,67,67
2015/2/20,2015/3/23,67,67
2015/2/21,2015/3/24,67,67
2015/2/22,2015/3/25,67,67
2015/2/23,2015/3/26,67,67
2015/2/24,2015/3/27,67,67
2015/2/25,2015/3/28,67,67
2015/2/26,2015/3/29,67,67
2015/2/27,2015/3/30,67,67
2015/2/28,2015/3/31,67,67
2015/3/1,2015/4/1,82,82
2015/3/2,2015/4/2,82,82
2015/3/3,2015/4/3,82,82
2015/3/4,2015/4/4,82,82
2015/3/5,2015/4/5,82,82
2015/3/6,2015/4/6,82,82
2015/3/7,2015/4/7,82,82
2015/3/8,2015/4/8,82,82
2015/3/9,2015/4/9,82,82
2015/3/10,2015/4/10,82,82
2015/3/11,2015/4/11,82,82
2015/3/12,2015/4/12,82,82
2015/3/13,2015/4/13,82,82
2015/3/14,2015/4/14,82,82
2015/3/15,2015/4/15,82,82
2015/3/16,2015/4/16,82,82
2015/3/17,2015/4/17,82,82
2015/3/18,2015/4/18,82,82
2015/3/19,2015/4/19,82,82
2015/3/20,2015/4/20,82,82
2015/3/21,2015/4/21,82,82
2015/3/22,2015/4/22,82,82
2015/3/23,2015/4/23,82,82
2015/3/24,2015/4/24,82,82
2015/3/25,2015/4/25,82,82
2015/3/26,2015/4/26,82,82
2015/3/27,2015/4/27,82,82
2015/3/28,2015/4/28,82,82
2015/3/29,2015/4/29,82,82
2015/3/30,2015/4/30,82,82
2015/3/31,2015/5/1,82,20
2015/4/1,2015/5/2,20,20
2015/4/2,2015/5/3,20,20
2015/4/3,2015/5/4,20,20
2015/4/4,2015/5/5,20,20
2015/4/5,2015/5/6,20,20
2015/4/6,2015/5/7,20,20
2015/4/7,2015/5/8,20,20
2015/4/8,2015/5/9,20,20
2015/4/9,2015/5/10,20,20
2015/4/10,2015/5/11,20,20
2015/4/11,2015/5/12,20,20
2015/4/12,2015/5/13,20,20
2015/4/13,2015/5/14,20,20
2015/4/14,2015/5/15,20,20
2015/4/15,2015/5/16,20,20
2015/4/16,2015/5/17,20,20
2015/4/17,2015/5/18,20,20
2015/4/18,2015/5/19,20,20
2015/4/19,2015/5/20,20,20
2015/4/20,2015/5/21,20,20
2015/4/21,2015/5/22,20,20
2015/4/22,2015/5/23,20,20
2015/4/23,2015/5/24,20,20
2015/4/24,2015/5/25,20,20
2015/4/25,2015/5/26,20,20
2015/4/26,2015/5/27,20,20
2015/4/27,2015/5/28,20,20
2015/4/28,2015/5/29,20,20
2015/4/29,2015/5/30,20,20
2015/4/30,2015/5/31,20,20
2015/5/1,2015/6/1,38,38
2015/5/2,2015/6/2,38,38
2015/5/3,2015/6/3,38,38
2015/5/4,2015/6/4,38,38
2015/5/5,2015/6/5,38,38
2015/5/6,2015/6/6,38,38
2015/5/7,2015/6/7,38,38
2015/5/8,2015/6/8,38,38
2015/5/9,2015/6/9,38,38
2015/5/10,2015/6/10,38,38
2015/5/11,2015/6/11,38,38
2015/5/12,2015/6/12,38,38
2015/5/13,2015/6/13,38,38
2015/5/14,2015/6/14,38,38
2015/5/15,2015/6/15,38,38
2015/5/16,2015/6/16,38,38
2015/5/17,2015/6/17,38,38
2015/5/18,2015/6/18,38,38
2015/5/19,2015/6/19,38,38
2015/5/20,2015/6/20,38,38
2015/5/21,2015/6/21,38,38
2015/5/22,2015/6/22,38,38
2015/5/23,2015/6/23,38,38
2015/5/24,2015/6/24,38,38
2015/5/25,2015/6/25,38,38
2015/5/26,2015/6/26,38,38
2015/5/27,2015/6/27,38,38
2015/5/28,2015/6/28,38,38
2015/5/29,2015/6/29,38,38
2015/5/30,2015/6/30,38,38
2015/5/31,2015/7/1,38,57
2015/6/1,2015/7/2,57,57
2015/6/2,2015/7/3,57,57
2015/6/3,2015/7/4,57,57
2015/6/4,2015/7/5,57,57
2015/6/5,2015/7/6,57,57
2015/6/6,2015/7/7,57,57
2015/6/7,2015/7/8,57,57
2015/6/8,2015/7/9,57,57
2015/6/9,2015/7/10,57,57
2015/6/10,2015/7/11,57,57
2015/6/11,2015/7/12,57,57
2015/6/12,2015/7/13,57,57
2015/6/13,2015/7/14,57,57
2015/6/14,2015/7/15,57,57
2015/6/15,2015/7/16,57,57
2015/6/16,2015/7/17,57,57
2015/6/17,2015/7/18,57,57
2015/6/18,2015/7/19,57,57
2015/6/19,2015/7/20,57,57
2015/6/20,2015/7/21,57,57
2015/6/21,2015/7/22,57,57
2015/6/22,2015/7/23,57,57
2015/6/23,2015/7/24,57,57
2015/6/24,2015/7/25,57,57
2015/6/25,2015/7/26,57,57
2015/6/26,2015/7/27,57,57
2015/6/27,2015/7/28,57,57
2015/6/28,2015/7/29,57,57
2015/6/29,2015/7/30,57,57
2015/6/30,2015/7/31,57,57
2015/7/1,2015/8/1,36,36
2015/7/2,2015/8/2,36,36
2015/7/3,2015/8/3,36,36
2015/7/4,2015/8/4,36,36
2015/7/5,2015/8/5,36,36
2015/7/6,2015/8/6,36,36
2015/7/7,2015/8/7,36,36
2015/7/8,2015/8/8,36,36
2015/7/9,2015/8/9,36,36
2015/7/10,2015/8/10,36,36
2015/7/11,2015/8/11,36,36
2015/7/12,2015/8/12,36,36
2015/7/13,2015/8/13,36,36
2015/7/14,2015/8/14,36,36
2015/7/15,2015/8/15,36,36
2015/7/16,2015/8/16,36,36
2015/7/17,2015/8/17,36,36
2015/7/18,2015/8/18,36,36
2015/7/19,2015/8/19,36,36
2015/7/20,2015/8/20,36,36
2015/7/21,2015/8/21,36,36
2015/7/22,2015/8/22,36,36
2015/7/23,2015/8/23,36,36
2015/7/24,2015/8/24,36,36
2015/7/25,2015/8/25,36,36
2015/7/26,2015/8/26,36,36
2015/7/27,2015/8/27,36,36
2015/7/28,2015/8/28,36,36
2015/7/29,2015/8/29,36,36
2015/7/30,2015/8/30,36,36
2015/7/31,2015/8/31,36,36
2015/8/1,2015/9/1,52,52
2015/8/2,2015/9/2,52,52
2015/8/3,2015/9/3,52,52
2015/8/4,2015/9/4,52,52
2015/8/5,2015/9/5,52,52
2015/8/6,2015/9/6,52,52
2015/8/7,2015/9/7,52,52
2015/8/8,2015/9/8,52,52
2015/8/9,2015/9/9,52,52
2015/8/10,2015/9/10,52,52
2015/8/11,2015/9/11,52,52
2015/8/12,2015/9/12,52,52
2015/8/13,2015/9/13,52,52
2015/8/14,2015/9/14,52,52
2015/8/15,2015/9/15,52,52
2015/8/16,2015/9/16,52,52
2015/8/17,2015/9/17,52,52
2015/8/18,2015/9/18,52,52
2015/8/19,2015/9/19,52,52
2015/8/20,2015/9/20,52,52
2015/8/21,2015/9/21,52,52
2015/8/22,2015/9/22,52,52
2015/8/23,2015/9/23,52,52
2015/8/24,2015/9/24,52,52
2015/8/25,2015/9/25,52,52
2015/8/26,2015/9/26,52,52
2015/8/27,2015/9/27,52,52
2015/8/28,2015/9/28,52,52
2015/8/29,2015/9/29,52,52
2015/8/30,2015/9/30,52,52
2015/8/31,2015/10/1,52,18
2015/9/1,2015/10/2,18,18
2015/9/2,2015/10/3,18,18
2015/9/3,2015/10/4,18,18
2015/9/4,2015/10/5,18,18
2015/9/5,2015/10/6,18,18
2015/9/6,2015/10/7,18,18
2015/9/7,2015/10/8,18,18
2015/9/8,2015/10/9,18,18
2015/9/9,2015/10/10,18,18
2015/9/10,2015/10/11,18,18
2015/9/11,2015/10/12,18,18
2015/9/12,2015/10/13,18,18
2015/9/13,2015/10/14,18,18
2015/9/14,2015/10/15,18,18
2015/9/15,2015/10/16,18,18
2015/9/16,2015/10/17,18,18
2015/9/17,2015/10/18,18,18
2015/9/18,2015/10/19,18,18
2015/9/19,2015/10/20,18,18
2015/9/20,2015/10/21,18,18
2015/9/21,2015/10/22,18,18
2015/9/22,2015/10/23,18,18
2015/9/23,2015/10/24,18,18
2015/9/24,2015/10/25,18,18
2015/9/25,2015/10/26,18,18
2015/9/26,2015/10/27,18,18
2015/9/27,2015/10/28,18,18
2015/9/28,2015/10/29,18,18
2015/9/29,2015/10/30,18,18
2015/9/30,2015/10/31,18,18
2015/10/1,2015/11/1,36,36
2015/10/2,2015/11/2,36,36
2015/10/3,2015/11/3,36,36
2015/10/4,2015/11/4,36,36
2015/10/5,2015/11/5,36,36
2015/10/6,2015/11/6,36,36
2015/10/7,2015/11/7,36,36
2015/10/8,2015/11/8,36,36
2015/10/9,2015/11/9,36,36
2015/10/10,2015/11/10,36,36
2015/10/11,2015/11/11,36,36
2015/10/12,2015/11/12,36,36
2015/10/13,2015/11/13,36,36
2015/10/14,2015/11/14,36,36
2015/10/15,2015/11/15,36,36
2015/10/16,2015/11/16,36,36
2015/10/17,2015/11/17,36,36
2015/10/18,2015/11/18,36,36
2015/10/19,2015/11/19,36,36
2015/10/20,2015/11/20,36,36
2015/10/21,2015/11/21,36,36
2015/10/22,2015/11/22,36,36
2015/10/23,2015/11/23,36,36
2015/10/24,2015/11/24,36,36
2015/10/25,2015/11/25,36,36
2015/10/26,2015/11/26,36,36
2015/10/27,2015/11/27,36,36
2015/10/28,2015/11/28,36,36
2015/10/29,2015/11/29,36,36
2015/10/30,2015/11/30,36,36
2015/10/31,2015/12/1,36,36
2015/11/1,2015/12/2,36,36
2015/11/2,2015/12/3,36,36
2015/11/3,2015/12/4,36,36
2015/11/4,2015/12/5,36,36
2015/11/5,2015/12/6,36,36
2015/11/6,2015/12/7,36,36
2015/11/7,2015/12/8,36,36
2015/11/8,2015/12/9,36,36
2015/11/9,2015/12/10,36,36
2015/11/10,2015/12/11,36,36
2015/11/11,2015/12/12,36,36
2015/11/12,2015/12/13,36,36
2015/11/13,2015/12/14,36,36
2015/11/14,2015/12/15,36,36
2015/11/15,2015/12/16,36,36
2015/11/16,2015/12/17,36,36
2015/11/17,2015/12/18,36,36
2015/11/18,2015/12/19,36,36
2015/11/19,2015/12/20,36,36
2015/11/20,2015/12/21,36,36
2015/11/21,2015/12/22,36,36
2015/11/22,2015/12/23,36,36
2015/11/23,2015/12/24,36,36
2015/11/24,2015/12/25,36,36
2015/11/25,2015/12/26,36,36
2015/11/26,2015/12/27,36,36
2015/11/27,2015/12/28,36,36
2015/11/28,2015/12/29,36,36
2015/11/29,2015/12/30,36,36
2015/11/30,2015/12/31,36,36
2015/12/1,2016/1/1,18,18
2015/12/2,2016/1/2,18,18
2015/12/3,2016/1/3,18,18
2015/12/4,2016/1/4,18,18
2015/12/5,2016/1/5,18,18
2015/12/6,2016/1/6,18,18
2015/12/7,2016/1/7,18,18
2015/12/8,2016/1/8,18,18
2015/12/9,2016/1/9,18,18
2015/12/10,2016/1/10,18,18
2015/12/11,2016/1/11,18,18
2015/12/12,2016/1/12,18,18
2015/12/13,2016/1/13,18,18
2015/12/14,2016/1/14,18,18
2015/12/15,2016/1/15,18,18
2015/12/16,2016/1/16,18,18
2015/12/17,2016/1/17,18,18
2015/12/18,2016/1/18,18,18
2015/12/19,2016/1/19,18,18
2015/12/20,2016/1/20,18,18
2015/12/21,2016/1/21,18,18
2015/12/22,2016/1/22,18,18
2015/12/23,2016/1/23,18,18
2015/12/24,2016/1/24,18,18
2015/12/25,2016/1/25,18,18
2015/12/26,2016/1/26,18,18
2015/12/27,2016/1/27,18,18
2015/12/28,2016/1/28,18,18
2015/12/29,2016/1/29,18,18
2015/12/30,2016/1/30,18,18
2015/12/31,2016/1/31,18,18
2016/1/1,2016/2/1,86,86
2016/1/2,2016/2/2,86,86
2016/1/3,2016/2/3,86,86
2016/1/4,2016/2/4,86,86
2016/1/5,2016/2/5,86,86
2016/1/6,2016/2/6,86,86
2016/1/7,2016/2/7,86,86
2016/1/8,2016/2/8,86,86
2016/1/9,2016/2/9,86,86
2016/1/10,2016/2/10,86,86
2016/1/11,2016/2/11,86,86
2016/1/12,2016/2/12,86,86
2016/1/13,2016/2/13,86,86
2016/1/14,2016/2/14,86,86
2016/1/15,2016/2/15,86,86
2016/1/16,2016/2/16,86,86
2016/1/17,2016/2/17,86,86
2016/1/18,2016/2/18,86,86
2016/1/19,2016/2/19,86,86
2016/1/20,2016/2/20,86,86
2016/1/21,2016/2/21,86,86
2016/1/22,2016/2/22,86,86
2016/1/23,2016/2/23,86,86
2016/1/24,2016/2/24,86,86
2016/1/25,2016/2/25,86,86
2016/1/26,2016/2/26,86,86
2016/1/27,2016/2/27,86,86
2016/1/28,2016/2/28,86,86
2016/1/29,2016/2/29,86,86
2016/1/30,2016/3/1,86,90
2016/1/31,2016/3/2,86,90
2016/2/1,2016/3/3,90,90
2016/2/2,2016/3/4,90,90
2016/2/3,2016/3/5,90,90
2016/2/4,2016/3/6,90,90
2016/2/5,2016/3/7,90,90
2016/2/6,2016/3/8,90,90
2016/2/7,2016/3/9,90,90
2016/2/8,2016/3/10,90,90
2016/2/9,2016/3/11,90,90
2016/2/10,2016/3/12,90,90
2016/2/11,2016/3/13,90,90
2016/2/12,2016/3/14,90,90
2016/2/13,2016/3/15,90,90
2016/2/14,2016/3/16,90,90
2016/2/15,2016/3/17,90,90
2016/2/16,2016/3/18,90,90
2016/2/17,2016/3/19,90,90
2016/2/18,2016/3/20,90,90
2016/2/19,2016/3/21,90,90
2016/2/20,2016/3/22,90,90
2016/2/21,2016/3/23,90,90
2016/2/22,2016/3/24,90,90
2016/2/23,2016/3/25,90,90
2016/2/24,2016/3/26,90,90
2016/2/25,2016/3/27,90,90
2016/2/26,2016/3/28,90,90
2016/2/27,2016/3/29,90,90
2016/2/28,2016/3/30,90,90
2016/2/29,2016/3/31,90,90
2016/3/1,2016/4/1,100,100
2016/3/2,2016/4/2,100,100
2016/3/3,2016/4/3,100,100
2016/3/4,2016/4/4,100,100
2016/3/5,2016/4/5,100,100
2016/3/6,2016/4/6,100,100
2016/3/7,2016/4/7,100,100
2016/3/8,2016/4/8,100,100
2016/3/9,2016/4/9,100,100
2016/3/10,2016/4/10,100,100
2016/3/11,2016/4/11,100,100
2016/3/12,2016/4/12,100,100
2016/3/13,2016/4/13,100,100
2016/3/14,2016/4/14,100,100
2016/3/15,2016/4/15,100,100
2016/3/16,2016/4/16,100,100
2016/3/17,2016/4/17,100,100
2016/3/18,2016/4/18,100,100
2016/3/19,2016/4/19,100,100
2016/3/20,2016/4/20,100,100
2016/3/21,2016/4/21,100,100
2016/3/22,2016/4/22,100,100
2016/3/23,2016/4/23,100,100
2016/3/24,2016/4/24,100,100
2016/3/25,2016/4/25,100,100
2016/3/26,2016/4/26,100,100
2016/3/27,2016/4/27,100,100
2016/3/28,2016/4/28,100,100
2016/3/29,2016/4/29,100,100
2016/3/30,2016/4/30,100,100
2016/3/31,2016/5/1,100,68
2016/4/1,2016/5/2,68,68
2016/4/2,2016/5/3,68,68
2016/4/3,2016/5/4,68,68
2016/4/4,2016/5/5,68,68
2016/4/5,2016/5/6,68,68
2016/4/6,2016/5/7,68,68
2016/4/7,2016/5/8,68,68
2016/4/8,2016/5/9,68,68
2016/4/9,2016/5/10,68,68
2016/4/10,2016/5/11,68,68
2016/4/11,2016/5/12,68,68
2016/4/12,2016/5/13,68,68
2016/4/13,2016/5/14,68,68
2016/4/14,2016/5/15,68,68
2016/4/15,2016/5/16,68,68
2016/4/16,2016/5/17,68,68
2016/4/17,2016/5/18,68,68
2016/4/18,2016/5/19,68,68
2016/4/19,2016/5/20,68,68
2016/4/20,2016/5/21,68,68
2016/4/21,2016/5/22,68,68
2016/4/22,2016/5/23,68,68
2016/4/23,2016/5/24,68,68
2016/4/24,2016/5/25,68,68
2016/4/25,2016/5/26,68,68
2016/4/26,2016/5/27,68,68
2016/4/27,2016/5/28,68,68
2016/4/28,2016/5/29,68,68
2016/4/29,2016/5/30,68,68
2016/4/30,2016/5/31,68,68
2016/5/1,2016/6/1,32,32
2016/5/2,2016/6/2,32,32
2016/5/3,2016/6/3,32,32
2016/5/4,2016/6/4,32,32
2016/5/5,2016/6/5,32,32
2016/5/6,2016/6/6,32,32
2016/5/7,2016/6/7,32,32
2016/5/8,2016/6/8,32,32
2016/5/9,2016/6/9,32,32
2016/5/10,2016/6/10,32,32
2016/5/11,2016/6/11,32,32
2016/5/12,2016/6/12,32,32
2016/5/13,2016/6/13,32,32
2016/5/14,2016/6/14,32,32
2016/5/15,2016/6/15,32,32
2016/5/16,2016/6/16,32,32
2016/5/17,2016/6/17,32,32
2016/5/18,2016/6/18,32,32
2016/5/19,2016/6/19,32,32
2016/5/20,2016/6/20,32,32
2016/5/21,2016/6/21,32,32
2016/5/22,2016/6/22,32,32
2016/5/23,2016/6/23,32,32
2016/5/24,2016/6/24,32,32
2016/5/25,2016/6/25,32,32
2016/5/26,2016/6/26,32,32
2016/5/27,2016/6/27,32,32
2016/5/28,2016/6/28,32,32
2016/5/29,2016/6/29,32,32
2016/5/30,2016/6/30,32,32
2016/5/31,2016/7/1,32,34
2016/6/1,2016/7/2,34,34
2016/6/2,2016/7/3,34,34
2016/6/3,2016/7/4,34,34
2016/6/4,2016/7/5,34,34
2016/6/5,2016/7/6,34,34
2016/6/6,2016/7/7,34,34
2016/6/7,2016/7/8,34,34
2016/6/8,2016/7/9,34,34
2016/6/9,2016/7/10,34,34
2016/6/10,2016/7/11,34,34
2016/6/11,2016/7/12,34,34
2016/6/12,2016/7/13,34,34
2016/6/13,2016/7/14,34,34
2016/6/14,2016/7/15,34,34
2016/6/15,2016/7/16,34,34
2016/6/16,2016/7/17,34,34
2016/6/17,2016/7/18,34,34
2016/6/18,2016/7/19,34,34
2016/6/19,2016/7/20,34,34
2016/6/20,2016/7/21,34,34
2016/6/21,2016/7/22,34,34
2016/6/22,2016/7/23,34,34
2016/6/23,2016/7/24,34,34
2016/6/24,2016/7/25,34,34
2016/6/25,2016/7/26,34,34
2016/6/26,2016/7/27,34,34
2016/6/27,2016/7/28,34,34
2016/6/28,2016/7/29,34,34
2016/6/29,2016/7/30,34,34
2016/6/30,2016/7/31,34,34
2016/7/1,2016/8/1,50,50
2016/7/2,2016/8/2,50,50
2016/7/3,2016/8/3,50,50
2016/7/4,2016/8/4,50,50
2016/7/5,2016/8/5,50,50
2016/7/6,2016/8/6,50,50
2016/7/7,2016/8/7,50,50
2016/7/8,2016/8/8,50,50
2016/7/9,2016/8/9,50,50
2016/7/10,2016/8/10,50,50
2016/7/11,2016/8/11,50,50
2016/7/12,2016/8/12,50,50
2016/7/13,2016/8/13,50,50
2016/7/14,2016/8/14,50,50
2016/7/15,2016/8/15,50,50
2016/7/16,2016/8/16,50,50
2016/7/17,2016/8/17,50,50
2016/7/18,2016/8/18,50,50
2016/7/19,2016/8/19,50,50
2016/7/20,2016/8/20,50,50
2016/7/21,2016/8/21,50,50
2016/7/22,2016/8/22,50,50
2016/7/23,2016/8/23,50,50
2016/7/24,2016/8/24,50,50
2016/7/25,2016/8/25,50,50
2016/7/26,2016/8/26,50,50
2016/7/27,2016/8/27,50,50
2016/7/28,2016/8/28,50,50
2016/7/29,2016/8/29,50,50
2016/7/30,2016/8/30,50,50
2016/7/31,2016/8/31,50,50
2016/8/1,2016/9/1,0,0
2016/8/2,2016/9/2,0,0
2016/8/3,2016/9/3,0,0
2016/8/4,2016/9/4,0,0
2016/8/5,2016/9/5,0,0
2016/8/6,2016/9/6,0,0
2016/8/7,2016/9/7,0,0
2016/8/8,2016/9/8,0,0
2016/8/9,2016/9/9,0,0
2016/8/10,2016/9/10,0,0
2016/8/11,2016/9/11,0,0
2016/8/12,2016/9/12,0,0
2016/8/13,2016/9/13,0,0
2016/8/14,2016/9/14,0,0
2016/8/15,2016/9/15,0,0
2016/8/16,2016/9/16,0,0
2016/8/17,2016/9/17,0,0
2016/8/18,2016/9/18,0,0
2016/8/19,2016/9/19,0,0
2016/8/20,2016/9/20,0,0
2016/8/21,2016/9/21,0,0
2016/8/22,2016/9/22,0,0
2016/8/23,2016/9/23,0,0
2016/8/24,2016/9/24,0,0
2016/8/25,2016/9/25,0,0
2016/8/26,2016/9/26,0,0
2016/8/27,2016/9/27,0,0
2016/8/28,2016/9/28,0,0
2016/8/29,2016/9/29,0,0
2016/8/30,2016/9/30,0,0
2016/8/31,2016/10/1,0,70
2016/9/1,2016/10/2,70,70
2016/9/2,2016/10/3,70,70
2016/9/3,2016/10/4,70,70
2016/9/4,2016/10/5,70,70
2016/9/5,2016/10/6,70,70
2016/9/6,2016/10/7,70,70
2016/9/7,2016/10/8,70,70
2016/9/8,2016/10/9,70,70
2016/9/9,2016/10/10,70,70
2016/9/10,2016/10/11,70,70
2016/9/11,2016/10/12,70,70
2016/9/12,2016/10/13,70,70
2016/9/13,2016/10/14,70,70
2016/9/14,2016/10/15,70,70
2016/9/15,2016/10/16,70,70
2016/9/16,2016/10/17,70,70
2016/9/17,2016/10/18,70,70
2016/9/18,2016/10/19,70,70
2016/9/19,2016/10/20,70,70
2016/9/20,2016/10/21,70,70
2016/9/21,2016/10/22,70,70
2016/9/22,2016/10/23,70,70
2016/9/23,2016/10/24,70,70
2016/9/24,2016/10/25,70,70
2016/9/25,2016/10/26,70,70
2016/9/26,2016/10/27,70,70
2016/9/27,2016/10/28,70,70
2016/9/28,2016/10/29,70,70
2016/9/29,2016/10/30,70,70
2016/9/30,2016/10/31,70,70
2016/10/1,2016/11/1,52,52
2016/10/2,2016/11/2,52,52
2016/10/3,2016/11/3,52,52
2016/10/4,2016/11/4,52,52
2016/10/5,2016/11/5,52,52
2016/10/6,2016/11/6,52,52
2016/10/7,2016/11/7,52,52
2016/10/8,2016/11/8,52,52
2016/10/9,2016/11/9,52,52
2016/10/10,2016/11/10,52,52
2016/10/11,2016/11/11,52,52
2016/10/12,2016/11/12,52,52
2016/10/13,2016/11/13,52,52
2016/10/14,2016/11/14,52,52
2016/10/15,2016/11/15,52,52
2016/10/16,2016/11/16,52,52
2016/10/17,2016/11/17,52,52
2016/10/18,2016/11/18,52,52
2016/10/19,2016/11/19,52,52
2016/10/20,2016/11/20,52,52
2016/10/21,2016/11/21,52,52
2016/10/22,2016/11/22,52,52
2016/10/23,2016/11/23,52,52
2016/10/24,2016/11/24,52,52
2016/10/25,2016/11/25,52,52
2016/10/26,2016/11/26,52,52
2016/10/27,2016/11/27,52,52
2016/10/28,2016/11/28,52,52
2016/10/29,2016/11/29,52,52
2016/10/30,2016/11/30,52,52
2016/10/31,2016/12/1,52,35
2016/11/1,2016/12/2,35,35
2016/11/2,2016/12/3,35,35
2016/11/3,2016/12/4,35,35
2016/11/4,2016/12/5,35,35
2016/11/5,2016/12/6,35,35
2016/11/6,2016/12/7,35,35
2016/11/7,2016/12/8,35,35
2016/11/8,2016/12/9,35,35
2016/11/9,2016/12/10,35,35
2016/11/10,2016/12/11,35,35
2016/11/11,2016/12/12,35,35
2016/11/12,2016/12/13,35,35
2016/11/13,2016/12/14,35,35
2016/11/14,2016/12/15,35,35
2016/11/15,2016/12/16,35,35
2016/11/16,2016/12/17,35,35
2016/11/17,2016/12/18,35,35
2016/11/18,2016/12/19,35,35
2016/11/19,2016/12/20,35,35
2016/11/20,2016/12/21,35,35
2016/11/21,2016/12/22,35,35
2016/11/22,2016/12/23,35,35
2016/11/23,2016/12/24,35,35
2016/11/24,2016/12/25,35,35
2016/11/25,2016/12/26,35,35
2016/11/26,2016/12/27,35,35
2016/11/27,2016/12/28,35,35
2016/11/28,2016/12/29,35,35
2016/11/29,2016/12/30,35,35
2016/11/30,2016/12/31,35,35
2016/12/1,2017/1/1,50,50
2016/12/2,2017/1/2,50,50
2016/12/3,2017/1/3,50,50
2016/12/4,2017/1/4,50,50
2016/12/5,2017/1/5,50,50
2016/12/6,2017/1/6,50,50
2016/12/7,2017/1/7,50,50
2016/12/8,2017/1/8,50,50
2016/12/9,2017/1/9,50,50
2016/12/10,2017/1/10,50,50
2016/12/11,2017/1/11,50,50
2016/12/12,2017/1/12,50,50
2016/12/13,2017/1/13,50,50
2016/12/14,2017/1/14,50,50
2016/12/15,2017/1/15,50,50
2016/12/16,2017/1/16,50,50
2016/12/17,2017/1/17,50,50
2016/12/18,2017/1/18,50,50
2016/12/19,2017/1/19,50,50
2016/12/20,2017/1/20,50,50
2016/12/21,2017/1/21,50,50
2016/12/22,2017/1/22,50,50
2016/12/23,2017/1/23,50,50
2016/12/24,2017/1/24,50,50
2016/12/25,2017/1/25,50,50
2016/12/26,2017/1/26,50,50
2016/12/27,2017/1/27,50,50
2016/12/28,2017/1/28,50,50
2016/12/29,2017/1/29,50,50
2016/12/30,2017/1/30,50,50
2016/12/31,2017/1/31,50,50
2017/1/1,2017/2/1,95,95
2017/1/2,2017/2/2,95,95
2017/1/3,2017/2/3,95,95
2017/1/4,2017/2/4,95,95
2017/1/5,2017/2/5,95,95
2017/1/6,2017/2/6,95,95
2017/1/7,2017/2/7,95,95
2017/1/8,2017/2/8,95,95
2017/1/9,2017/2/9,95,95
2017/1/10,2017/2/10,95,95
2017/1/11,2017/2/11,95,95
2017/1/12,2017/2/12,95,95
2017/1/13,2017/2/13,95,95
2017/1/14,2017/2/14,95,95
2017/1/15,2017/2/15,95,95
2017/1/16,2017/2/16,95,95
2017/1/17,2017/2/17,95,95
2017/1/18,2017/2/18,95,95
2017/1/19,2017/2/19,95,95
2017/1/20,2017/2/20,95,95
2017/1/21,2017/2/21,95,95
2017/1/22,2017/2/22,95,95
2017/1/23,2017/2/23,95,95
2017/1/24,2017/2/24,95,95
2017/1/25,2017/2/25,95,95
2017/1/26,2017/2/26,95,95
2017/1/27,2017/2/27,95,95
2017/1/28,2017/2/28,95,95
2017/1/29,2017/3/1,95,70
2017/1/30,2017/3/2,95,70
2017/1/31,2017/3/3,95,70
2017/2/1,2017/3/4,70,70
2017/2/2,2017/3/5,70,70
2017/2/3,2017/3/6,70,70
2017/2/4,2017/3/7,70,70
2017/2/5,2017/3/8,70,70
2017/2/6,2017/3/9,70,70
2017/2/7,2017/3/10,70,70
2017/2/8,2017/3/11,70,70
2017/2/9,2017/3/12,70,70
2017/2/10,2017/3/13,70,70
2017/2/11,2017/3/14,70,70
2017/2/12,2017/3/15,70,70
2017/2/13,2017/3/16,70,70
2017/2/14,2017/3/17,70,70
2017/2/15,2017/3/18,70,70
2017/2/16,2017/3/19,70,70
2017/2/17,2017/3/20,70,70
2017/2/18,2017/3/21,70,70
2017/2/19,2017/3/22,70,70
2017/2/20,2017/3/23,70,70
2017/2/21,2017/3/24,70,70
2017/2/22,2017/3/25,70,70
2017/2/23,2017/3/26,70,70
2017/2/24,2017/3/27,70,70
2017/2/25,2017/3/28,70,70
2017/2/26,2017/3/29,70,70
2017/2/27,2017/3/30,70,70
2017/2/28,2017/3/31,70,70
