,Saitama_m,Tiba_m,Tokyo_m,Kanagawa_m,Osaka_m,Total_m
0,3530,3239,8335,4914,4515,24533
1,3530,3239,8335,4914,4515,24533
2,3530,3239,8335,4914,4515,24533
3,3530,3239,8335,4914,4515,24533
4,3530,3239,8335,4914,4515,24533
5,3530,3239,8335,4914,4515,24533
6,3530,3239,8335,4914,4515,24533
7,3530,3239,8335,4914,4515,24533
8,3530,3239,8335,4914,4515,24533
9,3530,3239,8335,4914,4515,24533
10,3530,3239,8335,4914,4515,24533
11,3530,3239,8335,4914,4515,24533
12,3530,3239,8335,4914,4515,24533
13,3530,3239,8335,4914,4515,24533
14,3530,3239,8335,4914,4515,24533
15,3530,3239,8335,4914,4515,24533
16,3530,3239,8335,4914,4515,24533
17,3530,3239,8335,4914,4515,24533
18,3530,3239,8335,4914,4515,24533
19,3530,3239,8335,4914,4515,24533
20,3530,3239,8335,4914,4515,24533
21,3530,3239,8335,4914,4515,24533
22,3530,3239,8335,4914,4515,24533
23,3530,3239,8335,4914,4515,24533
24,3530,3239,8335,4914,4515,24533
25,3530,3239,8335,4914,4515,24533
26,3530,3239,8335,4914,4515,24533
27,3530,3239,8335,4914,4515,24533
28,3530,3239,8335,4914,4515,24533
29,3530,3239,8335,4914,4515,24533
30,3530,3239,8335,4914,4515,24533
31,3067,2518,7027,4308,3815,20735
32,3067,2518,7027,4308,3815,20735
33,3067,2518,7027,4308,3815,20735
34,3067,2518,7027,4308,3815,20735
35,3067,2518,7027,4308,3815,20735
36,3067,2518,7027,4308,3815,20735
37,3067,2518,7027,4308,3815,20735
38,3067,2518,7027,4308,3815,20735
39,3067,2518,7027,4308,3815,20735
40,3067,2518,7027,4308,3815,20735
41,3067,2518,7027,4308,3815,20735
42,3067,2518,7027,4308,3815,20735
43,3067,2518,7027,4308,3815,20735
44,3067,2518,7027,4308,3815,20735
45,3067,2518,7027,4308,3815,20735
46,3067,2518,7027,4308,3815,20735
47,3067,2518,7027,4308,3815,20735
48,3067,2518,7027,4308,3815,20735
49,3067,2518,7027,4308,3815,20735
50,3067,2518,7027,4308,3815,20735
51,3067,2518,7027,4308,3815,20735
52,3067,2518,7027,4308,3815,20735
53,3067,2518,7027,4308,3815,20735
54,3067,2518,7027,4308,3815,20735
55,3067,2518,7027,4308,3815,20735
56,3067,2518,7027,4308,3815,20735
57,3067,2518,7027,4308,3815,20735
58,3067,2518,7027,4308,3815,20735
59,3067,2518,7027,4308,3815,20735
60,3067,2518,7027,4308,3815,20735
61,3067,2518,7027,4308,3815,20735
62,2585,2434,6166,3790,3513,18488
63,2585,2434,6166,3790,3513,18488
64,2585,2434,6166,3790,3513,18488
65,2585,2434,6166,3790,3513,18488
66,2585,2434,6166,3790,3513,18488
67,2585,2434,6166,3790,3513,18488
68,2585,2434,6166,3790,3513,18488
69,2585,2434,6166,3790,3513,18488
70,2585,2434,6166,3790,3513,18488
71,2585,2434,6166,3790,3513,18488
72,2585,2434,6166,3790,3513,18488
73,2585,2434,6166,3790,3513,18488
74,2585,2434,6166,3790,3513,18488
75,2585,2434,6166,3790,3513,18488
76,2585,2434,6166,3790,3513,18488
77,2585,2434,6166,3790,3513,18488
78,2585,2434,6166,3790,3513,18488
79,2585,2434,6166,3790,3513,18488
80,2585,2434,6166,3790,3513,18488
81,2585,2434,6166,3790,3513,18488
82,2585,2434,6166,3790,3513,18488
83,2585,2434,6166,3790,3513,18488
84,2585,2434,6166,3790,3513,18488
85,2585,2434,6166,3790,3513,18488
86,2585,2434,6166,3790,3513,18488
87,2585,2434,6166,3790,3513,18488
88,2585,2434,6166,3790,3513,18488
89,2585,2434,6166,3790,3513,18488
90,2585,2434,6166,3790,3513,18488
91,2585,2434,6166,3790,3513,18488
92,3051,2829,7019,4288,3993,21180
93,3051,2829,7019,4288,3993,21180
94,3051,2829,7019,4288,3993,21180
95,3051,2829,7019,4288,3993,21180
96,3051,2829,7019,4288,3993,21180
97,3051,2829,7019,4288,3993,21180
98,3051,2829,7019,4288,3993,21180
99,3051,2829,7019,4288,3993,21180
100,3051,2829,7019,4288,3993,21180
101,3051,2829,7019,4288,3993,21180
102,3051,2829,7019,4288,3993,21180
103,3051,2829,7019,4288,3993,21180
104,3051,2829,7019,4288,3993,21180
105,3051,2829,7019,4288,3993,21180
106,3051,2829,7019,4288,3993,21180
107,3051,2829,7019,4288,3993,21180
108,3051,2829,7019,4288,3993,21180
109,3051,2829,7019,4288,3993,21180
110,3051,2829,7019,4288,3993,21180
111,3051,2829,7019,4288,3993,21180
112,3051,2829,7019,4288,3993,21180
113,3051,2829,7019,4288,3993,21180
114,3051,2829,7019,4288,3993,21180
115,3051,2829,7019,4288,3993,21180
116,3051,2829,7019,4288,3993,21180
117,3051,2829,7019,4288,3993,21180
118,3051,2829,7019,4288,3993,21180
119,3051,2829,7019,4288,3993,21180
120,3051,2829,7019,4288,3993,21180
121,3051,2829,7019,4288,3993,21180
122,3051,2829,7019,4288,3993,21180
123,4004,3589,9575,5602,5523,28293
124,4004,3589,9575,5602,5523,28293
125,4004,3589,9575,5602,5523,28293
126,4004,3589,9575,5602,5523,28293
127,4004,3589,9575,5602,5523,28293
128,4004,3589,9575,5602,5523,28293
129,4004,3589,9575,5602,5523,28293
130,4004,3589,9575,5602,5523,28293
131,4004,3589,9575,5602,5523,28293
132,4004,3589,9575,5602,5523,28293
133,4004,3589,9575,5602,5523,28293
134,4004,3589,9575,5602,5523,28293
135,4004,3589,9575,5602,5523,28293
136,4004,3589,9575,5602,5523,28293
137,4004,3589,9575,5602,5523,28293
138,4004,3589,9575,5602,5523,28293
139,4004,3589,9575,5602,5523,28293
140,4004,3589,9575,5602,5523,28293
141,4004,3589,9575,5602,5523,28293
142,4004,3589,9575,5602,5523,28293
143,4004,3589,9575,5602,5523,28293
144,4004,3589,9575,5602,5523,28293
145,4004,3589,9575,5602,5523,28293
146,4004,3589,9575,5602,5523,28293
147,4004,3589,9575,5602,5523,28293
148,4004,3589,9575,5602,5523,28293
149,4004,3589,9575,5602,5523,28293
150,4004,3589,9575,5602,5523,28293
151,4004,3589,9575,5602,5523,28293
152,4004,3589,9575,5602,5523,28293
153,3272,3036,7712,4472,4343,22835
154,3272,3036,7712,4472,4343,22835
155,3272,3036,7712,4472,4343,22835
156,3272,3036,7712,4472,4343,22835
157,3272,3036,7712,4472,4343,22835
158,3272,3036,7712,4472,4343,22835
159,3272,3036,7712,4472,4343,22835
160,3272,3036,7712,4472,4343,22835
161,3272,3036,7712,4472,4343,22835
162,3272,3036,7712,4472,4343,22835
163,3272,3036,7712,4472,4343,22835
164,3272,3036,7712,4472,4343,22835
165,3272,3036,7712,4472,4343,22835
166,3272,3036,7712,4472,4343,22835
167,3272,3036,7712,4472,4343,22835
168,3272,3036,7712,4472,4343,22835
169,3272,3036,7712,4472,4343,22835
170,3272,3036,7712,4472,4343,22835
171,3272,3036,7712,4472,4343,22835
172,3272,3036,7712,4472,4343,22835
173,3272,3036,7712,4472,4343,22835
174,3272,3036,7712,4472,4343,22835
175,3272,3036,7712,4472,4343,22835
176,3272,3036,7712,4472,4343,22835
177,3272,3036,7712,4472,4343,22835
178,3272,3036,7712,4472,4343,22835
179,3272,3036,7712,4472,4343,22835
180,3272,3036,7712,4472,4343,22835
181,3272,3036,7712,4472,4343,22835
182,3272,3036,7712,4472,4343,22835
183,3272,3036,7712,4472,4343,22835
184,2571,2383,6088,3601,3369,18012
185,2571,2383,6088,3601,3369,18012
186,2571,2383,6088,3601,3369,18012
187,2571,2383,6088,3601,3369,18012
188,2571,2383,6088,3601,3369,18012
189,2571,2383,6088,3601,3369,18012
190,2571,2383,6088,3601,3369,18012
191,2571,2383,6088,3601,3369,18012
192,2571,2383,6088,3601,3369,18012
193,2571,2383,6088,3601,3369,18012
194,2571,2383,6088,3601,3369,18012
195,2571,2383,6088,3601,3369,18012
196,2571,2383,6088,3601,3369,18012
197,2571,2383,6088,3601,3369,18012
198,2571,2383,6088,3601,3369,18012
199,2571,2383,6088,3601,3369,18012
200,2571,2383,6088,3601,3369,18012
201,2571,2383,6088,3601,3369,18012
202,2571,2383,6088,3601,3369,18012
203,2571,2383,6088,3601,3369,18012
204,2571,2383,6088,3601,3369,18012
205,2571,2383,6088,3601,3369,18012
206,2571,2383,6088,3601,3369,18012
207,2571,2383,6088,3601,3369,18012
208,2571,2383,6088,3601,3369,18012
209,2571,2383,6088,3601,3369,18012
210,2571,2383,6088,3601,3369,18012
211,2571,2383,6088,3601,3369,18012
212,2571,2383,6088,3601,3369,18012
213,2571,2383,6088,3601,3369,18012
214,2571,2383,6088,3601,3369,18012
215,3658,3362,8512,5146,5099,25777
216,3658,3362,8512,5146,5099,25777
217,3658,3362,8512,5146,5099,25777
218,3658,3362,8512,5146,5099,25777
219,3658,3362,8512,5146,5099,25777
220,3658,3362,8512,5146,5099,25777
221,3658,3362,8512,5146,5099,25777
222,3658,3362,8512,5146,5099,25777
223,3658,3362,8512,5146,5099,25777
224,3658,3362,8512,5146,5099,25777
225,3658,3362,8512,5146,5099,25777
226,3658,3362,8512,5146,5099,25777
227,3658,3362,8512,5146,5099,25777
228,3658,3362,8512,5146,5099,25777
229,3658,3362,8512,5146,5099,25777
230,3658,3362,8512,5146,5099,25777
231,3658,3362,8512,5146,5099,25777
232,3658,3362,8512,5146,5099,25777
233,3658,3362,8512,5146,5099,25777
234,3658,3362,8512,5146,5099,25777
235,3658,3362,8512,5146,5099,25777
236,3658,3362,8512,5146,5099,25777
237,3658,3362,8512,5146,5099,25777
238,3658,3362,8512,5146,5099,25777
239,3658,3362,8512,5146,5099,25777
240,3658,3362,8512,5146,5099,25777
241,3658,3362,8512,5146,5099,25777
242,3658,3362,8512,5146,5099,25777
243,3838,3491,8793,5571,5176,26869
244,3838,3491,8793,5571,5176,26869
245,3838,3491,8793,5571,5176,26869
246,3838,3491,8793,5571,5176,26869
247,3838,3491,8793,5571,5176,26869
248,3838,3491,8793,5571,5176,26869
249,3838,3491,8793,5571,5176,26869
250,3838,3491,8793,5571,5176,26869
251,3838,3491,8793,5571,5176,26869
252,3838,3491,8793,5571,5176,26869
253,3838,3491,8793,5571,5176,26869
254,3838,3491,8793,5571,5176,26869
255,3838,3491,8793,5571,5176,26869
256,3838,3491,8793,5571,5176,26869
257,3838,3491,8793,5571,5176,26869
258,3838,3491,8793,5571,5176,26869
259,3838,3491,8793,5571,5176,26869
260,3838,3491,8793,5571,5176,26869
261,3838,3491,8793,5571,5176,26869
262,3838,3491,8793,5571,5176,26869
263,3838,3491,8793,5571,5176,26869
264,3838,3491,8793,5571,5176,26869
265,3838,3491,8793,5571,5176,26869
266,3838,3491,8793,5571,5176,26869
267,3838,3491,8793,5571,5176,26869
268,3838,3491,8793,5571,5176,26869
269,3838,3491,8793,5571,5176,26869
270,3838,3491,8793,5571,5176,26869
271,3838,3491,8793,5571,5176,26869
272,3838,3491,8793,5571,5176,26869
273,3838,3491,8793,5571,5176,26869
274,3055,2639,6725,4072,3965,20456
275,3055,2639,6725,4072,3965,20456
276,3055,2639,6725,4072,3965,20456
277,3055,2639,6725,4072,3965,20456
278,3055,2639,6725,4072,3965,20456
279,3055,2639,6725,4072,3965,20456
280,3055,2639,6725,4072,3965,20456
281,3055,2639,6725,4072,3965,20456
282,3055,2639,6725,4072,3965,20456
283,3055,2639,6725,4072,3965,20456
284,3055,2639,6725,4072,3965,20456
285,3055,2639,6725,4072,3965,20456
286,3055,2639,6725,4072,3965,20456
287,3055,2639,6725,4072,3965,20456
288,3055,2639,6725,4072,3965,20456
289,3055,2639,6725,4072,3965,20456
290,3055,2639,6725,4072,3965,20456
291,3055,2639,6725,4072,3965,20456
292,3055,2639,6725,4072,3965,20456
293,3055,2639,6725,4072,3965,20456
294,3055,2639,6725,4072,3965,20456
295,3055,2639,6725,4072,3965,20456
296,3055,2639,6725,4072,3965,20456
297,3055,2639,6725,4072,3965,20456
298,3055,2639,6725,4072,3965,20456
299,3055,2639,6725,4072,3965,20456
300,3055,2639,6725,4072,3965,20456
301,3055,2639,6725,4072,3965,20456
302,3055,2639,6725,4072,3965,20456
303,3055,2639,6725,4072,3965,20456
304,3232,2802,7664,4516,4125,22339
305,3232,2802,7664,4516,4125,22339
306,3232,2802,7664,4516,4125,22339
307,3232,2802,7664,4516,4125,22339
308,3232,2802,7664,4516,4125,22339
309,3232,2802,7664,4516,4125,22339
310,3232,2802,7664,4516,4125,22339
311,3232,2802,7664,4516,4125,22339
312,3232,2802,7664,4516,4125,22339
313,3232,2802,7664,4516,4125,22339
314,3232,2802,7664,4516,4125,22339
315,3232,2802,7664,4516,4125,22339
316,3232,2802,7664,4516,4125,22339
317,3232,2802,7664,4516,4125,22339
318,3232,2802,7664,4516,4125,22339
319,3232,2802,7664,4516,4125,22339
320,3232,2802,7664,4516,4125,22339
321,3232,2802,7664,4516,4125,22339
322,3232,2802,7664,4516,4125,22339
323,3232,2802,7664,4516,4125,22339
324,3232,2802,7664,4516,4125,22339
325,3232,2802,7664,4516,4125,22339
326,3232,2802,7664,4516,4125,22339
327,3232,2802,7664,4516,4125,22339
328,3232,2802,7664,4516,4125,22339
329,3232,2802,7664,4516,4125,22339
330,3232,2802,7664,4516,4125,22339
331,3232,2802,7664,4516,4125,22339
332,3232,2802,7664,4516,4125,22339
333,3232,2802,7664,4516,4125,22339
334,3232,2802,7664,4516,4125,22339
335,2976,2764,6859,4131,3825,20555
336,2976,2764,6859,4131,3825,20555
337,2976,2764,6859,4131,3825,20555
338,2976,2764,6859,4131,3825,20555
339,2976,2764,6859,4131,3825,20555
340,2976,2764,6859,4131,3825,20555
341,2976,2764,6859,4131,3825,20555
342,2976,2764,6859,4131,3825,20555
343,2976,2764,6859,4131,3825,20555
344,2976,2764,6859,4131,3825,20555
345,2976,2764,6859,4131,3825,20555
346,2976,2764,6859,4131,3825,20555
347,2976,2764,6859,4131,3825,20555
348,2976,2764,6859,4131,3825,20555
349,2976,2764,6859,4131,3825,20555
350,2976,2764,6859,4131,3825,20555
351,2976,2764,6859,4131,3825,20555
352,2976,2764,6859,4131,3825,20555
353,2976,2764,6859,4131,3825,20555
354,2976,2764,6859,4131,3825,20555
355,2976,2764,6859,4131,3825,20555
356,2976,2764,6859,4131,3825,20555
357,2976,2764,6859,4131,3825,20555
358,2976,2764,6859,4131,3825,20555
359,2976,2764,6859,4131,3825,20555
360,2976,2764,6859,4131,3825,20555
361,2976,2764,6859,4131,3825,20555
362,2976,2764,6859,4131,3825,20555
363,2976,2764,6859,4131,3825,20555
364,2976,2764,6859,4131,3825,20555
365,3348,2945,7916,4635,4042,22886
366,3348,2945,7916,4635,4042,22886
367,3348,2945,7916,4635,4042,22886
368,3348,2945,7916,4635,4042,22886
369,3348,2945,7916,4635,4042,22886
370,3348,2945,7916,4635,4042,22886
371,3348,2945,7916,4635,4042,22886
372,3348,2945,7916,4635,4042,22886
373,3348,2945,7916,4635,4042,22886
374,3348,2945,7916,4635,4042,22886
375,3348,2945,7916,4635,4042,22886
376,3348,2945,7916,4635,4042,22886
377,3348,2945,7916,4635,4042,22886
378,3348,2945,7916,4635,4042,22886
379,3348,2945,7916,4635,4042,22886
380,3348,2945,7916,4635,4042,22886
381,3348,2945,7916,4635,4042,22886
382,3348,2945,7916,4635,4042,22886
383,3348,2945,7916,4635,4042,22886
384,3348,2945,7916,4635,4042,22886
385,3348,2945,7916,4635,4042,22886
386,3348,2945,7916,4635,4042,22886
387,3348,2945,7916,4635,4042,22886
388,3348,2945,7916,4635,4042,22886
389,3348,2945,7916,4635,4042,22886
390,3348,2945,7916,4635,4042,22886
391,3348,2945,7916,4635,4042,22886
392,3348,2945,7916,4635,4042,22886
393,3348,2945,7916,4635,4042,22886
394,3348,2945,7916,4635,4042,22886
395,3348,2945,7916,4635,4042,22886
396,2728,2404,6536,3936,3654,19258
397,2728,2404,6536,3936,3654,19258
398,2728,2404,6536,3936,3654,19258
399,2728,2404,6536,3936,3654,19258
400,2728,2404,6536,3936,3654,19258
401,2728,2404,6536,3936,3654,19258
402,2728,2404,6536,3936,3654,19258
403,2728,2404,6536,3936,3654,19258
404,2728,2404,6536,3936,3654,19258
405,2728,2404,6536,3936,3654,19258
406,2728,2404,6536,3936,3654,19258
407,2728,2404,6536,3936,3654,19258
408,2728,2404,6536,3936,3654,19258
409,2728,2404,6536,3936,3654,19258
410,2728,2404,6536,3936,3654,19258
411,2728,2404,6536,3936,3654,19258
412,2728,2404,6536,3936,3654,19258
413,2728,2404,6536,3936,3654,19258
414,2728,2404,6536,3936,3654,19258
415,2728,2404,6536,3936,3654,19258
416,2728,2404,6536,3936,3654,19258
417,2728,2404,6536,3936,3654,19258
418,2728,2404,6536,3936,3654,19258
419,2728,2404,6536,3936,3654,19258
420,2728,2404,6536,3936,3654,19258
421,2728,2404,6536,3936,3654,19258
422,2728,2404,6536,3936,3654,19258
423,2728,2404,6536,3936,3654,19258
424,2728,2404,6536,3936,3654,19258
425,2728,2404,6536,3936,3654,19258
426,2728,2404,6536,3936,3654,19258
427,2557,2216,5935,3560,3505,17773
428,2557,2216,5935,3560,3505,17773
429,2557,2216,5935,3560,3505,17773
430,2557,2216,5935,3560,3505,17773
431,2557,2216,5935,3560,3505,17773
432,2557,2216,5935,3560,3505,17773
433,2557,2216,5935,3560,3505,17773
434,2557,2216,5935,3560,3505,17773
435,2557,2216,5935,3560,3505,17773
436,2557,2216,5935,3560,3505,17773
437,2557,2216,5935,3560,3505,17773
438,2557,2216,5935,3560,3505,17773
439,2557,2216,5935,3560,3505,17773
440,2557,2216,5935,3560,3505,17773
441,2557,2216,5935,3560,3505,17773
442,2557,2216,5935,3560,3505,17773
443,2557,2216,5935,3560,3505,17773
444,2557,2216,5935,3560,3505,17773
445,2557,2216,5935,3560,3505,17773
446,2557,2216,5935,3560,3505,17773
447,2557,2216,5935,3560,3505,17773
448,2557,2216,5935,3560,3505,17773
449,2557,2216,5935,3560,3505,17773
450,2557,2216,5935,3560,3505,17773
451,2557,2216,5935,3560,3505,17773
452,2557,2216,5935,3560,3505,17773
453,2557,2216,5935,3560,3505,17773
454,2557,2216,5935,3560,3505,17773
455,2557,2216,5935,3560,3505,17773
456,2557,2216,5935,3560,3505,17773
457,4066,3413,9623,5445,5097,27644
458,4066,3413,9623,5445,5097,27644
459,4066,3413,9623,5445,5097,27644
460,4066,3413,9623,5445,5097,27644
461,4066,3413,9623,5445,5097,27644
462,4066,3413,9623,5445,5097,27644
463,4066,3413,9623,5445,5097,27644
464,4066,3413,9623,5445,5097,27644
465,4066,3413,9623,5445,5097,27644
466,4066,3413,9623,5445,5097,27644
467,4066,3413,9623,5445,5097,27644
468,4066,3413,9623,5445,5097,27644
469,4066,3413,9623,5445,5097,27644
470,4066,3413,9623,5445,5097,27644
471,4066,3413,9623,5445,5097,27644
472,4066,3413,9623,5445,5097,27644
473,4066,3413,9623,5445,5097,27644
474,4066,3413,9623,5445,5097,27644
475,4066,3413,9623,5445,5097,27644
476,4066,3413,9623,5445,5097,27644
477,4066,3413,9623,5445,5097,27644
478,4066,3413,9623,5445,5097,27644
479,4066,3413,9623,5445,5097,27644
480,4066,3413,9623,5445,5097,27644
481,4066,3413,9623,5445,5097,27644
482,4066,3413,9623,5445,5097,27644
483,4066,3413,9623,5445,5097,27644
484,4066,3413,9623,5445,5097,27644
485,4066,3413,9623,5445,5097,27644
486,4066,3413,9623,5445,5097,27644
487,4066,3413,9623,5445,5097,27644
488,3644,3253,8586,4989,4962,25434
489,3644,3253,8586,4989,4962,25434
490,3644,3253,8586,4989,4962,25434
491,3644,3253,8586,4989,4962,25434
492,3644,3253,8586,4989,4962,25434
493,3644,3253,8586,4989,4962,25434
494,3644,3253,8586,4989,4962,25434
495,3644,3253,8586,4989,4962,25434
496,3644,3253,8586,4989,4962,25434
497,3644,3253,8586,4989,4962,25434
498,3644,3253,8586,4989,4962,25434
499,3644,3253,8586,4989,4962,25434
500,3644,3253,8586,4989,4962,25434
501,3644,3253,8586,4989,4962,25434
502,3644,3253,8586,4989,4962,25434
503,3644,3253,8586,4989,4962,25434
504,3644,3253,8586,4989,4962,25434
505,3644,3253,8586,4989,4962,25434
506,3644,3253,8586,4989,4962,25434
507,3644,3253,8586,4989,4962,25434
508,3644,3253,8586,4989,4962,25434
509,3644,3253,8586,4989,4962,25434
510,3644,3253,8586,4989,4962,25434
511,3644,3253,8586,4989,4962,25434
512,3644,3253,8586,4989,4962,25434
513,3644,3253,8586,4989,4962,25434
514,3644,3253,8586,4989,4962,25434
515,3644,3253,8586,4989,4962,25434
516,3644,3253,8586,4989,4962,25434
517,3644,3253,8586,4989,4962,25434
518,3487,3113,7959,4601,4423,23583
519,3487,3113,7959,4601,4423,23583
520,3487,3113,7959,4601,4423,23583
521,3487,3113,7959,4601,4423,23583
522,3487,3113,7959,4601,4423,23583
523,3487,3113,7959,4601,4423,23583
524,3487,3113,7959,4601,4423,23583
525,3487,3113,7959,4601,4423,23583
526,3487,3113,7959,4601,4423,23583
527,3487,3113,7959,4601,4423,23583
528,3487,3113,7959,4601,4423,23583
529,3487,3113,7959,4601,4423,23583
530,3487,3113,7959,4601,4423,23583
531,3487,3113,7959,4601,4423,23583
532,3487,3113,7959,4601,4423,23583
533,3487,3113,7959,4601,4423,23583
534,3487,3113,7959,4601,4423,23583
535,3487,3113,7959,4601,4423,23583
536,3487,3113,7959,4601,4423,23583
537,3487,3113,7959,4601,4423,23583
538,3487,3113,7959,4601,4423,23583
539,3487,3113,7959,4601,4423,23583
540,3487,3113,7959,4601,4423,23583
541,3487,3113,7959,4601,4423,23583
542,3487,3113,7959,4601,4423,23583
543,3487,3113,7959,4601,4423,23583
544,3487,3113,7959,4601,4423,23583
545,3487,3113,7959,4601,4423,23583
546,3487,3113,7959,4601,4423,23583
547,3487,3113,7959,4601,4423,23583
548,3487,3113,7959,4601,4423,23583
549,2619,2366,6272,3736,3362,18355
550,2619,2366,6272,3736,3362,18355
551,2619,2366,6272,3736,3362,18355
552,2619,2366,6272,3736,3362,18355
553,2619,2366,6272,3736,3362,18355
554,2619,2366,6272,3736,3362,18355
555,2619,2366,6272,3736,3362,18355
556,2619,2366,6272,3736,3362,18355
557,2619,2366,6272,3736,3362,18355
558,2619,2366,6272,3736,3362,18355
559,2619,2366,6272,3736,3362,18355
560,2619,2366,6272,3736,3362,18355
561,2619,2366,6272,3736,3362,18355
562,2619,2366,6272,3736,3362,18355
563,2619,2366,6272,3736,3362,18355
564,2619,2366,6272,3736,3362,18355
565,2619,2366,6272,3736,3362,18355
566,2619,2366,6272,3736,3362,18355
567,2619,2366,6272,3736,3362,18355
568,2619,2366,6272,3736,3362,18355
569,2619,2366,6272,3736,3362,18355
570,2619,2366,6272,3736,3362,18355
571,2619,2366,6272,3736,3362,18355
572,2619,2366,6272,3736,3362,18355
573,2619,2366,6272,3736,3362,18355
574,2619,2366,6272,3736,3362,18355
575,2619,2366,6272,3736,3362,18355
576,2619,2366,6272,3736,3362,18355
577,2619,2366,6272,3736,3362,18355
578,2619,2366,6272,3736,3362,18355
579,2619,2366,6272,3736,3362,18355
580,2789,2491,6581,3980,3802,19643
581,2789,2491,6581,3980,3802,19643
582,2789,2491,6581,3980,3802,19643
583,2789,2491,6581,3980,3802,19643
584,2789,2491,6581,3980,3802,19643
585,2789,2491,6581,3980,3802,19643
586,2789,2491,6581,3980,3802,19643
587,2789,2491,6581,3980,3802,19643
588,2789,2491,6581,3980,3802,19643
589,2789,2491,6581,3980,3802,19643
590,2789,2491,6581,3980,3802,19643
591,2789,2491,6581,3980,3802,19643
592,2789,2491,6581,3980,3802,19643
593,2789,2491,6581,3980,3802,19643
594,2789,2491,6581,3980,3802,19643
595,2789,2491,6581,3980,3802,19643
596,2789,2491,6581,3980,3802,19643
597,2789,2491,6581,3980,3802,19643
598,2789,2491,6581,3980,3802,19643
599,2789,2491,6581,3980,3802,19643
600,2789,2491,6581,3980,3802,19643
601,2789,2491,6581,3980,3802,19643
602,2789,2491,6581,3980,3802,19643
603,2789,2491,6581,3980,3802,19643
604,2789,2491,6581,3980,3802,19643
605,2789,2491,6581,3980,3802,19643
606,2789,2491,6581,3980,3802,19643
607,2789,2491,6581,3980,3802,19643
608,3607,3326,8526,5208,5220,25887
609,3607,3326,8526,5208,5220,25887
610,3607,3326,8526,5208,5220,25887
611,3607,3326,8526,5208,5220,25887
612,3607,3326,8526,5208,5220,25887
613,3607,3326,8526,5208,5220,25887
614,3607,3326,8526,5208,5220,25887
615,3607,3326,8526,5208,5220,25887
616,3607,3326,8526,5208,5220,25887
617,3607,3326,8526,5208,5220,25887
618,3607,3326,8526,5208,5220,25887
619,3607,3326,8526,5208,5220,25887
620,3607,3326,8526,5208,5220,25887
621,3607,3326,8526,5208,5220,25887
622,3607,3326,8526,5208,5220,25887
623,3607,3326,8526,5208,5220,25887
624,3607,3326,8526,5208,5220,25887
625,3607,3326,8526,5208,5220,25887
626,3607,3326,8526,5208,5220,25887
627,3607,3326,8526,5208,5220,25887
628,3607,3326,8526,5208,5220,25887
629,3607,3326,8526,5208,5220,25887
630,3607,3326,8526,5208,5220,25887
631,3607,3326,8526,5208,5220,25887
632,3607,3326,8526,5208,5220,25887
633,3607,3326,8526,5208,5220,25887
634,3607,3326,8526,5208,5220,25887
635,3607,3326,8526,5208,5220,25887
636,3607,3326,8526,5208,5220,25887
637,3607,3326,8526,5208,5220,25887
638,3607,3326,8526,5208,5220,25887
639,3062,2706,7080,4153,4088,21089
640,3062,2706,7080,4153,4088,21089
641,3062,2706,7080,4153,4088,21089
642,3062,2706,7080,4153,4088,21089
643,3062,2706,7080,4153,4088,21089
644,3062,2706,7080,4153,4088,21089
645,3062,2706,7080,4153,4088,21089
646,3062,2706,7080,4153,4088,21089
647,3062,2706,7080,4153,4088,21089
648,3062,2706,7080,4153,4088,21089
649,3062,2706,7080,4153,4088,21089
650,3062,2706,7080,4153,4088,21089
651,3062,2706,7080,4153,4088,21089
652,3062,2706,7080,4153,4088,21089
653,3062,2706,7080,4153,4088,21089
654,3062,2706,7080,4153,4088,21089
655,3062,2706,7080,4153,4088,21089
656,3062,2706,7080,4153,4088,21089
657,3062,2706,7080,4153,4088,21089
658,3062,2706,7080,4153,4088,21089
659,3062,2706,7080,4153,4088,21089
660,3062,2706,7080,4153,4088,21089
661,3062,2706,7080,4153,4088,21089
662,3062,2706,7080,4153,4088,21089
663,3062,2706,7080,4153,4088,21089
664,3062,2706,7080,4153,4088,21089
665,3062,2706,7080,4153,4088,21089
666,3062,2706,7080,4153,4088,21089
667,3062,2706,7080,4153,4088,21089
668,3062,2706,7080,4153,4088,21089
669,3069,2714,7527,4448,4197,21955
670,3069,2714,7527,4448,4197,21955
671,3069,2714,7527,4448,4197,21955
672,3069,2714,7527,4448,4197,21955
673,3069,2714,7527,4448,4197,21955
674,3069,2714,7527,4448,4197,21955
675,3069,2714,7527,4448,4197,21955
676,3069,2714,7527,4448,4197,21955
677,3069,2714,7527,4448,4197,21955
678,3069,2714,7527,4448,4197,21955
679,3069,2714,7527,4448,4197,21955
680,3069,2714,7527,4448,4197,21955
681,3069,2714,7527,4448,4197,21955
682,3069,2714,7527,4448,4197,21955
683,3069,2714,7527,4448,4197,21955
684,3069,2714,7527,4448,4197,21955
685,3069,2714,7527,4448,4197,21955
686,3069,2714,7527,4448,4197,21955
687,3069,2714,7527,4448,4197,21955
688,3069,2714,7527,4448,4197,21955
689,3069,2714,7527,4448,4197,21955
690,3069,2714,7527,4448,4197,21955
691,3069,2714,7527,4448,4197,21955
692,3069,2714,7527,4448,4197,21955
693,3069,2714,7527,4448,4197,21955
694,3069,2714,7527,4448,4197,21955
695,3069,2714,7527,4448,4197,21955
696,3069,2714,7527,4448,4197,21955
697,3069,2714,7527,4448,4197,21955
698,3069,2714,7527,4448,4197,21955
699,3069,2714,7527,4448,4197,21955
700,2726,2383,6289,3780,3638,18816
701,2726,2383,6289,3780,3638,18816
702,2726,2383,6289,3780,3638,18816
703,2726,2383,6289,3780,3638,18816
704,2726,2383,6289,3780,3638,18816
705,2726,2383,6289,3780,3638,18816
706,2726,2383,6289,3780,3638,18816
707,2726,2383,6289,3780,3638,18816
708,2726,2383,6289,3780,3638,18816
709,2726,2383,6289,3780,3638,18816
710,2726,2383,6289,3780,3638,18816
711,2726,2383,6289,3780,3638,18816
712,2726,2383,6289,3780,3638,18816
713,2726,2383,6289,3780,3638,18816
714,2726,2383,6289,3780,3638,18816
715,2726,2383,6289,3780,3638,18816
716,2726,2383,6289,3780,3638,18816
717,2726,2383,6289,3780,3638,18816
718,2726,2383,6289,3780,3638,18816
719,2726,2383,6289,3780,3638,18816
720,2726,2383,6289,3780,3638,18816
721,2726,2383,6289,3780,3638,18816
722,2726,2383,6289,3780,3638,18816
723,2726,2383,6289,3780,3638,18816
724,2726,2383,6289,3780,3638,18816
725,2726,2383,6289,3780,3638,18816
726,2726,2383,6289,3780,3638,18816
727,2726,2383,6289,3780,3638,18816
728,2726,2383,6289,3780,3638,18816
729,2726,2383,6289,3780,3638,18816
730,3244,2884,7841,4563,4151,22683
731,3244,2884,7841,4563,4151,22683
732,3244,2884,7841,4563,4151,22683
733,3244,2884,7841,4563,4151,22683
734,3244,2884,7841,4563,4151,22683
735,3244,2884,7841,4563,4151,22683
736,3244,2884,7841,4563,4151,22683
737,3244,2884,7841,4563,4151,22683
738,3244,2884,7841,4563,4151,22683
739,3244,2884,7841,4563,4151,22683
740,3244,2884,7841,4563,4151,22683
741,3244,2884,7841,4563,4151,22683
742,3244,2884,7841,4563,4151,22683
743,3244,2884,7841,4563,4151,22683
744,3244,2884,7841,4563,4151,22683
745,3244,2884,7841,4563,4151,22683
746,3244,2884,7841,4563,4151,22683
747,3244,2884,7841,4563,4151,22683
748,3244,2884,7841,4563,4151,22683
749,3244,2884,7841,4563,4151,22683
750,3244,2884,7841,4563,4151,22683
751,3244,2884,7841,4563,4151,22683
752,3244,2884,7841,4563,4151,22683
753,3244,2884,7841,4563,4151,22683
754,3244,2884,7841,4563,4151,22683
755,3244,2884,7841,4563,4151,22683
756,3244,2884,7841,4563,4151,22683
757,3244,2884,7841,4563,4151,22683
758,3244,2884,7841,4563,4151,22683
759,3244,2884,7841,4563,4151,22683
760,3244,2884,7841,4563,4151,22683
761,2686,2361,6509,3750,3600,18906
762,2686,2361,6509,3750,3600,18906
763,2686,2361,6509,3750,3600,18906
764,2686,2361,6509,3750,3600,18906
765,2686,2361,6509,3750,3600,18906
766,2686,2361,6509,3750,3600,18906
767,2686,2361,6509,3750,3600,18906
768,2686,2361,6509,3750,3600,18906
769,2686,2361,6509,3750,3600,18906
770,2686,2361,6509,3750,3600,18906
771,2686,2361,6509,3750,3600,18906
772,2686,2361,6509,3750,3600,18906
773,2686,2361,6509,3750,3600,18906
774,2686,2361,6509,3750,3600,18906
775,2686,2361,6509,3750,3600,18906
776,2686,2361,6509,3750,3600,18906
777,2686,2361,6509,3750,3600,18906
778,2686,2361,6509,3750,3600,18906
779,2686,2361,6509,3750,3600,18906
780,2686,2361,6509,3750,3600,18906
781,2686,2361,6509,3750,3600,18906
782,2686,2361,6509,3750,3600,18906
783,2686,2361,6509,3750,3600,18906
784,2686,2361,6509,3750,3600,18906
785,2686,2361,6509,3750,3600,18906
786,2686,2361,6509,3750,3600,18906
787,2686,2361,6509,3750,3600,18906
788,2686,2361,6509,3750,3600,18906
789,2686,2361,6509,3750,3600,18906
790,2686,2361,6509,3750,3600,18906
791,2686,2361,6509,3750,3600,18906
792,2376,2105,5845,3371,3343,17040
793,2376,2105,5845,3371,3343,17040
794,2376,2105,5845,3371,3343,17040
795,2376,2105,5845,3371,3343,17040
796,2376,2105,5845,3371,3343,17040
797,2376,2105,5845,3371,3343,17040
798,2376,2105,5845,3371,3343,17040
799,2376,2105,5845,3371,3343,17040
800,2376,2105,5845,3371,3343,17040
801,2376,2105,5845,3371,3343,17040
802,2376,2105,5845,3371,3343,17040
803,2376,2105,5845,3371,3343,17040
804,2376,2105,5845,3371,3343,17040
805,2376,2105,5845,3371,3343,17040
806,2376,2105,5845,3371,3343,17040
807,2376,2105,5845,3371,3343,17040
808,2376,2105,5845,3371,3343,17040
809,2376,2105,5845,3371,3343,17040
810,2376,2105,5845,3371,3343,17040
811,2376,2105,5845,3371,3343,17040
812,2376,2105,5845,3371,3343,17040
813,2376,2105,5845,3371,3343,17040
814,2376,2105,5845,3371,3343,17040
815,2376,2105,5845,3371,3343,17040
816,2376,2105,5845,3371,3343,17040
817,2376,2105,5845,3371,3343,17040
818,2376,2105,5845,3371,3343,17040
819,2376,2105,5845,3371,3343,17040
820,2376,2105,5845,3371,3343,17040
821,2376,2105,5845,3371,3343,17040
822,2679,2291,6243,3533,3564,18310
823,2679,2291,6243,3533,3564,18310
824,2679,2291,6243,3533,3564,18310
825,2679,2291,6243,3533,3564,18310
826,2679,2291,6243,3533,3564,18310
827,2679,2291,6243,3533,3564,18310
828,2679,2291,6243,3533,3564,18310
829,2679,2291,6243,3533,3564,18310
830,2679,2291,6243,3533,3564,18310
831,2679,2291,6243,3533,3564,18310
832,2679,2291,6243,3533,3564,18310
833,2679,2291,6243,3533,3564,18310
834,2679,2291,6243,3533,3564,18310
835,2679,2291,6243,3533,3564,18310
836,2679,2291,6243,3533,3564,18310
837,2679,2291,6243,3533,3564,18310
838,2679,2291,6243,3533,3564,18310
839,2679,2291,6243,3533,3564,18310
840,2679,2291,6243,3533,3564,18310
841,2679,2291,6243,3533,3564,18310
842,2679,2291,6243,3533,3564,18310
843,2679,2291,6243,3533,3564,18310
844,2679,2291,6243,3533,3564,18310
845,2679,2291,6243,3533,3564,18310
846,2679,2291,6243,3533,3564,18310
847,2679,2291,6243,3533,3564,18310
848,2679,2291,6243,3533,3564,18310
849,2679,2291,6243,3533,3564,18310
850,2679,2291,6243,3533,3564,18310
851,2679,2291,6243,3533,3564,18310
852,2679,2291,6243,3533,3564,18310
853,4451,3901,11059,6207,5912,31530
854,4451,3901,11059,6207,5912,31530
855,4451,3901,11059,6207,5912,31530
856,4451,3901,11059,6207,5912,31530
857,4451,3901,11059,6207,5912,31530
858,4451,3901,11059,6207,5912,31530
859,4451,3901,11059,6207,5912,31530
860,4451,3901,11059,6207,5912,31530
861,4451,3901,11059,6207,5912,31530
862,4451,3901,11059,6207,5912,31530
863,4451,3901,11059,6207,5912,31530
864,4451,3901,11059,6207,5912,31530
865,4451,3901,11059,6207,5912,31530
866,4451,3901,11059,6207,5912,31530
867,4451,3901,11059,6207,5912,31530
868,4451,3901,11059,6207,5912,31530
869,4451,3901,11059,6207,5912,31530
870,4451,3901,11059,6207,5912,31530
871,4451,3901,11059,6207,5912,31530
872,4451,3901,11059,6207,5912,31530
873,4451,3901,11059,6207,5912,31530
874,4451,3901,11059,6207,5912,31530
875,4451,3901,11059,6207,5912,31530
876,4451,3901,11059,6207,5912,31530
877,4451,3901,11059,6207,5912,31530
878,4451,3901,11059,6207,5912,31530
879,4451,3901,11059,6207,5912,31530
880,4451,3901,11059,6207,5912,31530
881,4451,3901,11059,6207,5912,31530
882,4451,3901,11059,6207,5912,31530
883,2919,2658,7116,4077,3704,20474
884,2919,2658,7116,4077,3704,20474
885,2919,2658,7116,4077,3704,20474
886,2919,2658,7116,4077,3704,20474
887,2919,2658,7116,4077,3704,20474
888,2919,2658,7116,4077,3704,20474
889,2919,2658,7116,4077,3704,20474
890,2919,2658,7116,4077,3704,20474
891,2919,2658,7116,4077,3704,20474
892,2919,2658,7116,4077,3704,20474
893,2919,2658,7116,4077,3704,20474
894,2919,2658,7116,4077,3704,20474
895,2919,2658,7116,4077,3704,20474
896,2919,2658,7116,4077,3704,20474
897,2919,2658,7116,4077,3704,20474
898,2919,2658,7116,4077,3704,20474
899,2919,2658,7116,4077,3704,20474
900,2919,2658,7116,4077,3704,20474
901,2919,2658,7116,4077,3704,20474
902,2919,2658,7116,4077,3704,20474
903,2919,2658,7116,4077,3704,20474
904,2919,2658,7116,4077,3704,20474
905,2919,2658,7116,4077,3704,20474
906,2919,2658,7116,4077,3704,20474
907,2919,2658,7116,4077,3704,20474
908,2919,2658,7116,4077,3704,20474
909,2919,2658,7116,4077,3704,20474
910,2919,2658,7116,4077,3704,20474
911,2919,2658,7116,4077,3704,20474
912,2919,2658,7116,4077,3704,20474
913,2919,2658,7116,4077,3704,20474
914,2521,2120,5941,3336,3312,17230
915,2521,2120,5941,3336,3312,17230
916,2521,2120,5941,3336,3312,17230
917,2521,2120,5941,3336,3312,17230
918,2521,2120,5941,3336,3312,17230
919,2521,2120,5941,3336,3312,17230
920,2521,2120,5941,3336,3312,17230
921,2521,2120,5941,3336,3312,17230
922,2521,2120,5941,3336,3312,17230
923,2521,2120,5941,3336,3312,17230
924,2521,2120,5941,3336,3312,17230
925,2521,2120,5941,3336,3312,17230
926,2521,2120,5941,3336,3312,17230
927,2521,2120,5941,3336,3312,17230
928,2521,2120,5941,3336,3312,17230
929,2521,2120,5941,3336,3312,17230
930,2521,2120,5941,3336,3312,17230
931,2521,2120,5941,3336,3312,17230
932,2521,2120,5941,3336,3312,17230
933,2521,2120,5941,3336,3312,17230
934,2521,2120,5941,3336,3312,17230
935,2521,2120,5941,3336,3312,17230
936,2521,2120,5941,3336,3312,17230
937,2521,2120,5941,3336,3312,17230
938,2521,2120,5941,3336,3312,17230
939,2521,2120,5941,3336,3312,17230
940,2521,2120,5941,3336,3312,17230
941,2521,2120,5941,3336,3312,17230
942,2521,2120,5941,3336,3312,17230
943,2521,2120,5941,3336,3312,17230
944,2521,2120,5941,3336,3312,17230
945,3183,2762,7655,4422,4107,22129
946,3183,2762,7655,4422,4107,22129
947,3183,2762,7655,4422,4107,22129
948,3183,2762,7655,4422,4107,22129
949,3183,2762,7655,4422,4107,22129
950,3183,2762,7655,4422,4107,22129
951,3183,2762,7655,4422,4107,22129
952,3183,2762,7655,4422,4107,22129
953,3183,2762,7655,4422,4107,22129
954,3183,2762,7655,4422,4107,22129
955,3183,2762,7655,4422,4107,22129
956,3183,2762,7655,4422,4107,22129
957,3183,2762,7655,4422,4107,22129
958,3183,2762,7655,4422,4107,22129
959,3183,2762,7655,4422,4107,22129
960,3183,2762,7655,4422,4107,22129
961,3183,2762,7655,4422,4107,22129
962,3183,2762,7655,4422,4107,22129
963,3183,2762,7655,4422,4107,22129
964,3183,2762,7655,4422,4107,22129
965,3183,2762,7655,4422,4107,22129
966,3183,2762,7655,4422,4107,22129
967,3183,2762,7655,4422,4107,22129
968,3183,2762,7655,4422,4107,22129
969,3183,2762,7655,4422,4107,22129
970,3183,2762,7655,4422,4107,22129
971,3183,2762,7655,4422,4107,22129
972,3183,2762,7655,4422,4107,22129
973,3183,2762,7655,4422,4107,22129
974,3801,3340,8811,5336,5168,26456
975,3801,3340,8811,5336,5168,26456
976,3801,3340,8811,5336,5168,26456
977,3801,3340,8811,5336,5168,26456
978,3801,3340,8811,5336,5168,26456
979,3801,3340,8811,5336,5168,26456
980,3801,3340,8811,5336,5168,26456
981,3801,3340,8811,5336,5168,26456
982,3801,3340,8811,5336,5168,26456
983,3801,3340,8811,5336,5168,26456
984,3801,3340,8811,5336,5168,26456
985,3801,3340,8811,5336,5168,26456
986,3801,3340,8811,5336,5168,26456
987,3801,3340,8811,5336,5168,26456
988,3801,3340,8811,5336,5168,26456
989,3801,3340,8811,5336,5168,26456
990,3801,3340,8811,5336,5168,26456
991,3801,3340,8811,5336,5168,26456
992,3801,3340,8811,5336,5168,26456
993,3801,3340,8811,5336,5168,26456
994,3801,3340,8811,5336,5168,26456
995,3801,3340,8811,5336,5168,26456
996,3801,3340,8811,5336,5168,26456
997,3801,3340,8811,5336,5168,26456
998,3801,3340,8811,5336,5168,26456
999,3801,3340,8811,5336,5168,26456
1000,3801,3340,8811,5336,5168,26456
1001,3801,3340,8811,5336,5168,26456
1002,3801,3340,8811,5336,5168,26456
1003,3801,3340,8811,5336,5168,26456
1004,3801,3340,8811,5336,5168,26456
1005,2749,2383,6526,3857,3728,19243
1006,2749,2383,6526,3857,3728,19243
1007,2749,2383,6526,3857,3728,19243
1008,2749,2383,6526,3857,3728,19243
1009,2749,2383,6526,3857,3728,19243
1010,2749,2383,6526,3857,3728,19243
1011,2749,2383,6526,3857,3728,19243
1012,2749,2383,6526,3857,3728,19243
1013,2749,2383,6526,3857,3728,19243
1014,2749,2383,6526,3857,3728,19243
1015,2749,2383,6526,3857,3728,19243
1016,2749,2383,6526,3857,3728,19243
1017,2749,2383,6526,3857,3728,19243
1018,2749,2383,6526,3857,3728,19243
1019,2749,2383,6526,3857,3728,19243
1020,2749,2383,6526,3857,3728,19243
1021,2749,2383,6526,3857,3728,19243
1022,2749,2383,6526,3857,3728,19243
1023,2749,2383,6526,3857,3728,19243
1024,2749,2383,6526,3857,3728,19243
1025,2749,2383,6526,3857,3728,19243
1026,2749,2383,6526,3857,3728,19243
1027,2749,2383,6526,3857,3728,19243
1028,2749,2383,6526,3857,3728,19243
1029,2749,2383,6526,3857,3728,19243
1030,2749,2383,6526,3857,3728,19243
1031,2749,2383,6526,3857,3728,19243
1032,2749,2383,6526,3857,3728,19243
1033,2749,2383,6526,3857,3728,19243
1034,2749,2383,6526,3857,3728,19243
1035,3315,2880,8282,4690,4289,23456
1036,3315,2880,8282,4690,4289,23456
1037,3315,2880,8282,4690,4289,23456
1038,3315,2880,8282,4690,4289,23456
1039,3315,2880,8282,4690,4289,23456
1040,3315,2880,8282,4690,4289,23456
1041,3315,2880,8282,4690,4289,23456
1042,3315,2880,8282,4690,4289,23456
1043,3315,2880,8282,4690,4289,23456
1044,3315,2880,8282,4690,4289,23456
1045,3315,2880,8282,4690,4289,23456
1046,3315,2880,8282,4690,4289,23456
1047,3315,2880,8282,4690,4289,23456
1048,3315,2880,8282,4690,4289,23456
1049,3315,2880,8282,4690,4289,23456
1050,3315,2880,8282,4690,4289,23456
1051,3315,2880,8282,4690,4289,23456
1052,3315,2880,8282,4690,4289,23456
1053,3315,2880,8282,4690,4289,23456
1054,3315,2880,8282,4690,4289,23456
1055,3315,2880,8282,4690,4289,23456
1056,3315,2880,8282,4690,4289,23456
1057,3315,2880,8282,4690,4289,23456
1058,3315,2880,8282,4690,4289,23456
1059,3315,2880,8282,4690,4289,23456
1060,3315,2880,8282,4690,4289,23456
1061,3315,2880,8282,4690,4289,23456
1062,3315,2880,8282,4690,4289,23456
1063,3315,2880,8282,4690,4289,23456
1064,3315,2880,8282,4690,4289,23456
1065,3315,2880,8282,4690,4289,23456
1066,2717,2453,6702,3811,3516,19199
1067,2717,2453,6702,3811,3516,19199
1068,2717,2453,6702,3811,3516,19199
1069,2717,2453,6702,3811,3516,19199
1070,2717,2453,6702,3811,3516,19199
1071,2717,2453,6702,3811,3516,19199
1072,2717,2453,6702,3811,3516,19199
1073,2717,2453,6702,3811,3516,19199
1074,2717,2453,6702,3811,3516,19199
1075,2717,2453,6702,3811,3516,19199
1076,2717,2453,6702,3811,3516,19199
1077,2717,2453,6702,3811,3516,19199
1078,2717,2453,6702,3811,3516,19199
1079,2717,2453,6702,3811,3516,19199
1080,2717,2453,6702,3811,3516,19199
1081,2717,2453,6702,3811,3516,19199
1082,2717,2453,6702,3811,3516,19199
1083,2717,2453,6702,3811,3516,19199
1084,2717,2453,6702,3811,3516,19199
1085,2717,2453,6702,3811,3516,19199
1086,2717,2453,6702,3811,3516,19199
1087,2717,2453,6702,3811,3516,19199
1088,2717,2453,6702,3811,3516,19199
1089,2717,2453,6702,3811,3516,19199
1090,2717,2453,6702,3811,3516,19199
1091,2717,2453,6702,3811,3516,19199
1092,2717,2453,6702,3811,3516,19199
1093,2717,2453,6702,3811,3516,19199
1094,2717,2453,6702,3811,3516,19199
1095,2717,2453,6702,3811,3516,19199
1096,3024,2787,7540,4237,3835,21423
1097,3024,2787,7540,4237,3835,21423
1098,3024,2787,7540,4237,3835,21423
1099,3024,2787,7540,4237,3835,21423
1100,3024,2787,7540,4237,3835,21423
1101,3024,2787,7540,4237,3835,21423
1102,3024,2787,7540,4237,3835,21423
1103,3024,2787,7540,4237,3835,21423
1104,3024,2787,7540,4237,3835,21423
1105,3024,2787,7540,4237,3835,21423
1106,3024,2787,7540,4237,3835,21423
1107,3024,2787,7540,4237,3835,21423
1108,3024,2787,7540,4237,3835,21423
1109,3024,2787,7540,4237,3835,21423
1110,3024,2787,7540,4237,3835,21423
1111,3024,2787,7540,4237,3835,21423
1112,3024,2787,7540,4237,3835,21423
1113,3024,2787,7540,4237,3835,21423
1114,3024,2787,7540,4237,3835,21423
1115,3024,2787,7540,4237,3835,21423
1116,3024,2787,7540,4237,3835,21423
1117,3024,2787,7540,4237,3835,21423
1118,3024,2787,7540,4237,3835,21423
1119,3024,2787,7540,4237,3835,21423
1120,3024,2787,7540,4237,3835,21423
1121,3024,2787,7540,4237,3835,21423
1122,3024,2787,7540,4237,3835,21423
1123,3024,2787,7540,4237,3835,21423
1124,3024,2787,7540,4237,3835,21423
1125,3024,2787,7540,4237,3835,21423
1126,3024,2787,7540,4237,3835,21423
1127,2785,2395,6736,3976,3641,19533
1128,2785,2395,6736,3976,3641,19533
1129,2785,2395,6736,3976,3641,19533
1130,2785,2395,6736,3976,3641,19533
1131,2785,2395,6736,3976,3641,19533
1132,2785,2395,6736,3976,3641,19533
1133,2785,2395,6736,3976,3641,19533
1134,2785,2395,6736,3976,3641,19533
1135,2785,2395,6736,3976,3641,19533
1136,2785,2395,6736,3976,3641,19533
1137,2785,2395,6736,3976,3641,19533
1138,2785,2395,6736,3976,3641,19533
1139,2785,2395,6736,3976,3641,19533
1140,2785,2395,6736,3976,3641,19533
1141,2785,2395,6736,3976,3641,19533
1142,2785,2395,6736,3976,3641,19533
1143,2785,2395,6736,3976,3641,19533
1144,2785,2395,6736,3976,3641,19533
1145,2785,2395,6736,3976,3641,19533
1146,2785,2395,6736,3976,3641,19533
1147,2785,2395,6736,3976,3641,19533
1148,2785,2395,6736,3976,3641,19533
1149,2785,2395,6736,3976,3641,19533
1150,2785,2395,6736,3976,3641,19533
1151,2785,2395,6736,3976,3641,19533
1152,2785,2395,6736,3976,3641,19533
1153,2785,2395,6736,3976,3641,19533
1154,2785,2395,6736,3976,3641,19533
1155,2785,2395,6736,3976,3641,19533
1156,2785,2395,6736,3976,3641,19533
1157,2785,2395,6736,3976,3641,19533
1158,2410,1988,5808,3309,3148,16663
1159,2410,1988,5808,3309,3148,16663
1160,2410,1988,5808,3309,3148,16663
1161,2410,1988,5808,3309,3148,16663
1162,2410,1988,5808,3309,3148,16663
1163,2410,1988,5808,3309,3148,16663
1164,2410,1988,5808,3309,3148,16663
1165,2410,1988,5808,3309,3148,16663
1166,2410,1988,5808,3309,3148,16663
1167,2410,1988,5808,3309,3148,16663
1168,2410,1988,5808,3309,3148,16663
1169,2410,1988,5808,3309,3148,16663
1170,2410,1988,5808,3309,3148,16663
1171,2410,1988,5808,3309,3148,16663
1172,2410,1988,5808,3309,3148,16663
1173,2410,1988,5808,3309,3148,16663
1174,2410,1988,5808,3309,3148,16663
1175,2410,1988,5808,3309,3148,16663
1176,2410,1988,5808,3309,3148,16663
1177,2410,1988,5808,3309,3148,16663
1178,2410,1988,5808,3309,3148,16663
1179,2410,1988,5808,3309,3148,16663
1180,2410,1988,5808,3309,3148,16663
1181,2410,1988,5808,3309,3148,16663
1182,2410,1988,5808,3309,3148,16663
1183,2410,1988,5808,3309,3148,16663
1184,2410,1988,5808,3309,3148,16663
1185,2410,1988,5808,3309,3148,16663
1186,2410,1988,5808,3309,3148,16663
1187,2410,1988,5808,3309,3148,16663
1188,2986,2597,7101,4052,3805,20541
1189,2986,2597,7101,4052,3805,20541
1190,2986,2597,7101,4052,3805,20541
1191,2986,2597,7101,4052,3805,20541
1192,2986,2597,7101,4052,3805,20541
1193,2986,2597,7101,4052,3805,20541
1194,2986,2597,7101,4052,3805,20541
1195,2986,2597,7101,4052,3805,20541
1196,2986,2597,7101,4052,3805,20541
1197,2986,2597,7101,4052,3805,20541
1198,2986,2597,7101,4052,3805,20541
1199,2986,2597,7101,4052,3805,20541
1200,2986,2597,7101,4052,3805,20541
1201,2986,2597,7101,4052,3805,20541
1202,2986,2597,7101,4052,3805,20541
1203,2986,2597,7101,4052,3805,20541
1204,2986,2597,7101,4052,3805,20541
1205,2986,2597,7101,4052,3805,20541
1206,2986,2597,7101,4052,3805,20541
1207,2986,2597,7101,4052,3805,20541
1208,2986,2597,7101,4052,3805,20541
1209,2986,2597,7101,4052,3805,20541
1210,2986,2597,7101,4052,3805,20541
1211,2986,2597,7101,4052,3805,20541
1212,2986,2597,7101,4052,3805,20541
1213,2986,2597,7101,4052,3805,20541
1214,2986,2597,7101,4052,3805,20541
1215,2986,2597,7101,4052,3805,20541
1216,2986,2597,7101,4052,3805,20541
1217,2986,2597,7101,4052,3805,20541
1218,2986,2597,7101,4052,3805,20541
1219,3416,2970,8378,4846,4683,24293
1220,3416,2970,8378,4846,4683,24293
1221,3416,2970,8378,4846,4683,24293
1222,3416,2970,8378,4846,4683,24293
1223,3416,2970,8378,4846,4683,24293
1224,3416,2970,8378,4846,4683,24293
1225,3416,2970,8378,4846,4683,24293
1226,3416,2970,8378,4846,4683,24293
1227,3416,2970,8378,4846,4683,24293
1228,3416,2970,8378,4846,4683,24293
1229,3416,2970,8378,4846,4683,24293
1230,3416,2970,8378,4846,4683,24293
1231,3416,2970,8378,4846,4683,24293
1232,3416,2970,8378,4846,4683,24293
1233,3416,2970,8378,4846,4683,24293
1234,3416,2970,8378,4846,4683,24293
1235,3416,2970,8378,4846,4683,24293
1236,3416,2970,8378,4846,4683,24293
1237,3416,2970,8378,4846,4683,24293
1238,3416,2970,8378,4846,4683,24293
1239,3416,2970,8378,4846,4683,24293
1240,3416,2970,8378,4846,4683,24293
1241,3416,2970,8378,4846,4683,24293
1242,3416,2970,8378,4846,4683,24293
1243,3416,2970,8378,4846,4683,24293
1244,3416,2970,8378,4846,4683,24293
1245,3416,2970,8378,4846,4683,24293
1246,3416,2970,8378,4846,4683,24293
1247,3416,2970,8378,4846,4683,24293
1248,3416,2970,8378,4846,4683,24293
1249,3869,3475,9821,5658,4882,27705
1250,3869,3475,9821,5658,4882,27705
1251,3869,3475,9821,5658,4882,27705
1252,3869,3475,9821,5658,4882,27705
1253,3869,3475,9821,5658,4882,27705
1254,3869,3475,9821,5658,4882,27705
1255,3869,3475,9821,5658,4882,27705
1256,3869,3475,9821,5658,4882,27705
1257,3869,3475,9821,5658,4882,27705
1258,3869,3475,9821,5658,4882,27705
1259,3869,3475,9821,5658,4882,27705
1260,3869,3475,9821,5658,4882,27705
1261,3869,3475,9821,5658,4882,27705
1262,3869,3475,9821,5658,4882,27705
1263,3869,3475,9821,5658,4882,27705
1264,3869,3475,9821,5658,4882,27705
1265,3869,3475,9821,5658,4882,27705
1266,3869,3475,9821,5658,4882,27705
1267,3869,3475,9821,5658,4882,27705
1268,3869,3475,9821,5658,4882,27705
1269,3869,3475,9821,5658,4882,27705
1270,3869,3475,9821,5658,4882,27705
1271,3869,3475,9821,5658,4882,27705
1272,3869,3475,9821,5658,4882,27705
1273,3869,3475,9821,5658,4882,27705
1274,3869,3475,9821,5658,4882,27705
1275,3869,3475,9821,5658,4882,27705
1276,3869,3475,9821,5658,4882,27705
1277,3869,3475,9821,5658,4882,27705
1278,3869,3475,9821,5658,4882,27705
1279,3869,3475,9821,5658,4882,27705
1280,2455,2093,5716,3371,3154,16789
1281,2455,2093,5716,3371,3154,16789
1282,2455,2093,5716,3371,3154,16789
1283,2455,2093,5716,3371,3154,16789
1284,2455,2093,5716,3371,3154,16789
1285,2455,2093,5716,3371,3154,16789
1286,2455,2093,5716,3371,3154,16789
1287,2455,2093,5716,3371,3154,16789
1288,2455,2093,5716,3371,3154,16789
1289,2455,2093,5716,3371,3154,16789
1290,2455,2093,5716,3371,3154,16789
1291,2455,2093,5716,3371,3154,16789
1292,2455,2093,5716,3371,3154,16789
1293,2455,2093,5716,3371,3154,16789
1294,2455,2093,5716,3371,3154,16789
1295,2455,2093,5716,3371,3154,16789
1296,2455,2093,5716,3371,3154,16789
1297,2455,2093,5716,3371,3154,16789
1298,2455,2093,5716,3371,3154,16789
1299,2455,2093,5716,3371,3154,16789
1300,2455,2093,5716,3371,3154,16789
1301,2455,2093,5716,3371,3154,16789
1302,2455,2093,5716,3371,3154,16789
1303,2455,2093,5716,3371,3154,16789
1304,2455,2093,5716,3371,3154,16789
1305,2455,2093,5716,3371,3154,16789
1306,2455,2093,5716,3371,3154,16789
1307,2455,2093,5716,3371,3154,16789
1308,2455,2093,5716,3371,3154,16789
1309,2455,2093,5716,3371,3154,16789
1310,2455,2093,5716,3371,3154,16789
1311,2944,2525,6903,4041,3977,20390
1312,2944,2525,6903,4041,3977,20390
1313,2944,2525,6903,4041,3977,20390
1314,2944,2525,6903,4041,3977,20390
1315,2944,2525,6903,4041,3977,20390
1316,2944,2525,6903,4041,3977,20390
1317,2944,2525,6903,4041,3977,20390
1318,2944,2525,6903,4041,3977,20390
1319,2944,2525,6903,4041,3977,20390
1320,2944,2525,6903,4041,3977,20390
1321,2944,2525,6903,4041,3977,20390
1322,2944,2525,6903,4041,3977,20390
1323,2944,2525,6903,4041,3977,20390
1324,2944,2525,6903,4041,3977,20390
1325,2944,2525,6903,4041,3977,20390
1326,2944,2525,6903,4041,3977,20390
1327,2944,2525,6903,4041,3977,20390
1328,2944,2525,6903,4041,3977,20390
1329,2944,2525,6903,4041,3977,20390
1330,2944,2525,6903,4041,3977,20390
1331,2944,2525,6903,4041,3977,20390
1332,2944,2525,6903,4041,3977,20390
1333,2944,2525,6903,4041,3977,20390
1334,2944,2525,6903,4041,3977,20390
1335,2944,2525,6903,4041,3977,20390
1336,2944,2525,6903,4041,3977,20390
1337,2944,2525,6903,4041,3977,20390
1338,2944,2525,6903,4041,3977,20390
1339,3631,3221,8712,5206,5048,25818
1340,3631,3221,8712,5206,5048,25818
1341,3631,3221,8712,5206,5048,25818
1342,3631,3221,8712,5206,5048,25818
1343,3631,3221,8712,5206,5048,25818
1344,3631,3221,8712,5206,5048,25818
1345,3631,3221,8712,5206,5048,25818
1346,3631,3221,8712,5206,5048,25818
1347,3631,3221,8712,5206,5048,25818
1348,3631,3221,8712,5206,5048,25818
1349,3631,3221,8712,5206,5048,25818
1350,3631,3221,8712,5206,5048,25818
1351,3631,3221,8712,5206,5048,25818
1352,3631,3221,8712,5206,5048,25818
1353,3631,3221,8712,5206,5048,25818
1354,3631,3221,8712,5206,5048,25818
1355,3631,3221,8712,5206,5048,25818
1356,3631,3221,8712,5206,5048,25818
1357,3631,3221,8712,5206,5048,25818
1358,3631,3221,8712,5206,5048,25818
1359,3631,3221,8712,5206,5048,25818
1360,3631,3221,8712,5206,5048,25818
1361,3631,3221,8712,5206,5048,25818
1362,3631,3221,8712,5206,5048,25818
1363,3631,3221,8712,5206,5048,25818
1364,3631,3221,8712,5206,5048,25818
1365,3631,3221,8712,5206,5048,25818
1366,3631,3221,8712,5206,5048,25818
1367,3631,3221,8712,5206,5048,25818
1368,3631,3221,8712,5206,5048,25818
1369,3631,3221,8712,5206,5048,25818
1370,2835,2438,6730,3884,3946,19833
1371,2835,2438,6730,3884,3946,19833
1372,2835,2438,6730,3884,3946,19833
1373,2835,2438,6730,3884,3946,19833
1374,2835,2438,6730,3884,3946,19833
1375,2835,2438,6730,3884,3946,19833
1376,2835,2438,6730,3884,3946,19833
1377,2835,2438,6730,3884,3946,19833
1378,2835,2438,6730,3884,3946,19833
1379,2835,2438,6730,3884,3946,19833
1380,2835,2438,6730,3884,3946,19833
1381,2835,2438,6730,3884,3946,19833
1382,2835,2438,6730,3884,3946,19833
1383,2835,2438,6730,3884,3946,19833
1384,2835,2438,6730,3884,3946,19833
1385,2835,2438,6730,3884,3946,19833
1386,2835,2438,6730,3884,3946,19833
1387,2835,2438,6730,3884,3946,19833
1388,2835,2438,6730,3884,3946,19833
1389,2835,2438,6730,3884,3946,19833
1390,2835,2438,6730,3884,3946,19833
1391,2835,2438,6730,3884,3946,19833
1392,2835,2438,6730,3884,3946,19833
1393,2835,2438,6730,3884,3946,19833
1394,2835,2438,6730,3884,3946,19833
1395,2835,2438,6730,3884,3946,19833
1396,2835,2438,6730,3884,3946,19833
1397,2835,2438,6730,3884,3946,19833
1398,2835,2438,6730,3884,3946,19833
1399,2835,2438,6730,3884,3946,19833
1400,2960,2707,7612,4207,4153,21639
1401,2960,2707,7612,4207,4153,21639
1402,2960,2707,7612,4207,4153,21639
1403,2960,2707,7612,4207,4153,21639
1404,2960,2707,7612,4207,4153,21639
1405,2960,2707,7612,4207,4153,21639
1406,2960,2707,7612,4207,4153,21639
1407,2960,2707,7612,4207,4153,21639
1408,2960,2707,7612,4207,4153,21639
1409,2960,2707,7612,4207,4153,21639
1410,2960,2707,7612,4207,4153,21639
1411,2960,2707,7612,4207,4153,21639
1412,2960,2707,7612,4207,4153,21639
1413,2960,2707,7612,4207,4153,21639
1414,2960,2707,7612,4207,4153,21639
1415,2960,2707,7612,4207,4153,21639
1416,2960,2707,7612,4207,4153,21639
1417,2960,2707,7612,4207,4153,21639
1418,2960,2707,7612,4207,4153,21639
1419,2960,2707,7612,4207,4153,21639
1420,2960,2707,7612,4207,4153,21639
1421,2960,2707,7612,4207,4153,21639
1422,2960,2707,7612,4207,4153,21639
1423,2960,2707,7612,4207,4153,21639
1424,2960,2707,7612,4207,4153,21639
1425,2960,2707,7612,4207,4153,21639
1426,2960,2707,7612,4207,4153,21639
1427,2960,2707,7612,4207,4153,21639
1428,2960,2707,7612,4207,4153,21639
1429,2960,2707,7612,4207,4153,21639
1430,2960,2707,7612,4207,4153,21639
1431,2763,2420,6668,3681,3651,19183
1432,2763,2420,6668,3681,3651,19183
1433,2763,2420,6668,3681,3651,19183
1434,2763,2420,6668,3681,3651,19183
1435,2763,2420,6668,3681,3651,19183
1436,2763,2420,6668,3681,3651,19183
1437,2763,2420,6668,3681,3651,19183
1438,2763,2420,6668,3681,3651,19183
1439,2763,2420,6668,3681,3651,19183
1440,2763,2420,6668,3681,3651,19183
1441,2763,2420,6668,3681,3651,19183
1442,2763,2420,6668,3681,3651,19183
1443,2763,2420,6668,3681,3651,19183
1444,2763,2420,6668,3681,3651,19183
1445,2763,2420,6668,3681,3651,19183
1446,2763,2420,6668,3681,3651,19183
1447,2763,2420,6668,3681,3651,19183
1448,2763,2420,6668,3681,3651,19183
1449,2763,2420,6668,3681,3651,19183
1450,2763,2420,6668,3681,3651,19183
1451,2763,2420,6668,3681,3651,19183
1452,2763,2420,6668,3681,3651,19183
1453,2763,2420,6668,3681,3651,19183
1454,2763,2420,6668,3681,3651,19183
1455,2763,2420,6668,3681,3651,19183
1456,2763,2420,6668,3681,3651,19183
1457,2763,2420,6668,3681,3651,19183
1458,2763,2420,6668,3681,3651,19183
1459,2763,2420,6668,3681,3651,19183
1460,2763,2420,6668,3681,3651,19183
1461,3358,3027,8581,4533,4480,23979
1462,3358,3027,8581,4533,4480,23979
1463,3358,3027,8581,4533,4480,23979
1464,3358,3027,8581,4533,4480,23979
1465,3358,3027,8581,4533,4480,23979
1466,3358,3027,8581,4533,4480,23979
1467,3358,3027,8581,4533,4480,23979
1468,3358,3027,8581,4533,4480,23979
1469,3358,3027,8581,4533,4480,23979
1470,3358,3027,8581,4533,4480,23979
1471,3358,3027,8581,4533,4480,23979
1472,3358,3027,8581,4533,4480,23979
1473,3358,3027,8581,4533,4480,23979
1474,3358,3027,8581,4533,4480,23979
1475,3358,3027,8581,4533,4480,23979
1476,3358,3027,8581,4533,4480,23979
1477,3358,3027,8581,4533,4480,23979
1478,3358,3027,8581,4533,4480,23979
1479,3358,3027,8581,4533,4480,23979
1480,3358,3027,8581,4533,4480,23979
1481,3358,3027,8581,4533,4480,23979
1482,3358,3027,8581,4533,4480,23979
1483,3358,3027,8581,4533,4480,23979
1484,3358,3027,8581,4533,4480,23979
1485,3358,3027,8581,4533,4480,23979
1486,3358,3027,8581,4533,4480,23979
1487,3358,3027,8581,4533,4480,23979
1488,3358,3027,8581,4533,4480,23979
1489,3358,3027,8581,4533,4480,23979
1490,3358,3027,8581,4533,4480,23979
1491,3358,3027,8581,4533,4480,23979
1492,2837,2373,6610,3727,3505,19052
1493,2837,2373,6610,3727,3505,19052
1494,2837,2373,6610,3727,3505,19052
1495,2837,2373,6610,3727,3505,19052
1496,2837,2373,6610,3727,3505,19052
1497,2837,2373,6610,3727,3505,19052
1498,2837,2373,6610,3727,3505,19052
1499,2837,2373,6610,3727,3505,19052
1500,2837,2373,6610,3727,3505,19052
1501,2837,2373,6610,3727,3505,19052
1502,2837,2373,6610,3727,3505,19052
1503,2837,2373,6610,3727,3505,19052
1504,2837,2373,6610,3727,3505,19052
1505,2837,2373,6610,3727,3505,19052
1506,2837,2373,6610,3727,3505,19052
1507,2837,2373,6610,3727,3505,19052
1508,2837,2373,6610,3727,3505,19052
1509,2837,2373,6610,3727,3505,19052
1510,2837,2373,6610,3727,3505,19052
1511,2837,2373,6610,3727,3505,19052
1512,2837,2373,6610,3727,3505,19052
1513,2837,2373,6610,3727,3505,19052
1514,2837,2373,6610,3727,3505,19052
1515,2837,2373,6610,3727,3505,19052
1516,2837,2373,6610,3727,3505,19052
1517,2837,2373,6610,3727,3505,19052
1518,2837,2373,6610,3727,3505,19052
1519,2837,2373,6610,3727,3505,19052
1520,2837,2373,6610,3727,3505,19052
1521,2837,2373,6610,3727,3505,19052
1522,2837,2373,6610,3727,3505,19052
1523,2426,2011,6006,3398,3269,17110
1524,2426,2011,6006,3398,3269,17110
1525,2426,2011,6006,3398,3269,17110
1526,2426,2011,6006,3398,3269,17110
1527,2426,2011,6006,3398,3269,17110
1528,2426,2011,6006,3398,3269,17110
1529,2426,2011,6006,3398,3269,17110
1530,2426,2011,6006,3398,3269,17110
1531,2426,2011,6006,3398,3269,17110
1532,2426,2011,6006,3398,3269,17110
1533,2426,2011,6006,3398,3269,17110
1534,2426,2011,6006,3398,3269,17110
1535,2426,2011,6006,3398,3269,17110
1536,2426,2011,6006,3398,3269,17110
1537,2426,2011,6006,3398,3269,17110
1538,2426,2011,6006,3398,3269,17110
1539,2426,2011,6006,3398,3269,17110
1540,2426,2011,6006,3398,3269,17110
1541,2426,2011,6006,3398,3269,17110
1542,2426,2011,6006,3398,3269,17110
1543,2426,2011,6006,3398,3269,17110
1544,2426,2011,6006,3398,3269,17110
1545,2426,2011,6006,3398,3269,17110
1546,2426,2011,6006,3398,3269,17110
1547,2426,2011,6006,3398,3269,17110
1548,2426,2011,6006,3398,3269,17110
1549,2426,2011,6006,3398,3269,17110
1550,2426,2011,6006,3398,3269,17110
1551,2426,2011,6006,3398,3269,17110
1552,2426,2011,6006,3398,3269,17110
1553,2818,2371,6743,3801,3780,19513
1554,2818,2371,6743,3801,3780,19513
1555,2818,2371,6743,3801,3780,19513
1556,2818,2371,6743,3801,3780,19513
1557,2818,2371,6743,3801,3780,19513
1558,2818,2371,6743,3801,3780,19513
1559,2818,2371,6743,3801,3780,19513
1560,2818,2371,6743,3801,3780,19513
1561,2818,2371,6743,3801,3780,19513
1562,2818,2371,6743,3801,3780,19513
1563,2818,2371,6743,3801,3780,19513
1564,2818,2371,6743,3801,3780,19513
1565,2818,2371,6743,3801,3780,19513
1566,2818,2371,6743,3801,3780,19513
1567,2818,2371,6743,3801,3780,19513
1568,2818,2371,6743,3801,3780,19513
1569,2818,2371,6743,3801,3780,19513
1570,2818,2371,6743,3801,3780,19513
1571,2818,2371,6743,3801,3780,19513
1572,2818,2371,6743,3801,3780,19513
1573,2818,2371,6743,3801,3780,19513
1574,2818,2371,6743,3801,3780,19513
1575,2818,2371,6743,3801,3780,19513
1576,2818,2371,6743,3801,3780,19513
1577,2818,2371,6743,3801,3780,19513
1578,2818,2371,6743,3801,3780,19513
1579,2818,2371,6743,3801,3780,19513
1580,2818,2371,6743,3801,3780,19513
1581,2818,2371,6743,3801,3780,19513
1582,2818,2371,6743,3801,3780,19513
1583,2818,2371,6743,3801,3780,19513
1584,4023,3451,10085,5546,5530,28635
1585,4023,3451,10085,5546,5530,28635
1586,4023,3451,10085,5546,5530,28635
1587,4023,3451,10085,5546,5530,28635
1588,4023,3451,10085,5546,5530,28635
1589,4023,3451,10085,5546,5530,28635
1590,4023,3451,10085,5546,5530,28635
1591,4023,3451,10085,5546,5530,28635
1592,4023,3451,10085,5546,5530,28635
1593,4023,3451,10085,5546,5530,28635
1594,4023,3451,10085,5546,5530,28635
1595,4023,3451,10085,5546,5530,28635
1596,4023,3451,10085,5546,5530,28635
1597,4023,3451,10085,5546,5530,28635
1598,4023,3451,10085,5546,5530,28635
1599,4023,3451,10085,5546,5530,28635
1600,4023,3451,10085,5546,5530,28635
1601,4023,3451,10085,5546,5530,28635
1602,4023,3451,10085,5546,5530,28635
1603,4023,3451,10085,5546,5530,28635
1604,4023,3451,10085,5546,5530,28635
1605,4023,3451,10085,5546,5530,28635
1606,4023,3451,10085,5546,5530,28635
1607,4023,3451,10085,5546,5530,28635
1608,4023,3451,10085,5546,5530,28635
1609,4023,3451,10085,5546,5530,28635
1610,4023,3451,10085,5546,5530,28635
1611,4023,3451,10085,5546,5530,28635
1612,4023,3451,10085,5546,5530,28635
1613,4023,3451,10085,5546,5530,28635
1614,3229,2738,7701,4374,4103,22145
1615,3229,2738,7701,4374,4103,22145
1616,3229,2738,7701,4374,4103,22145
1617,3229,2738,7701,4374,4103,22145
1618,3229,2738,7701,4374,4103,22145
1619,3229,2738,7701,4374,4103,22145
1620,3229,2738,7701,4374,4103,22145
1621,3229,2738,7701,4374,4103,22145
1622,3229,2738,7701,4374,4103,22145
1623,3229,2738,7701,4374,4103,22145
1624,3229,2738,7701,4374,4103,22145
1625,3229,2738,7701,4374,4103,22145
1626,3229,2738,7701,4374,4103,22145
1627,3229,2738,7701,4374,4103,22145
1628,3229,2738,7701,4374,4103,22145
1629,3229,2738,7701,4374,4103,22145
1630,3229,2738,7701,4374,4103,22145
1631,3229,2738,7701,4374,4103,22145
1632,3229,2738,7701,4374,4103,22145
1633,3229,2738,7701,4374,4103,22145
1634,3229,2738,7701,4374,4103,22145
1635,3229,2738,7701,4374,4103,22145
1636,3229,2738,7701,4374,4103,22145
1637,3229,2738,7701,4374,4103,22145
1638,3229,2738,7701,4374,4103,22145
1639,3229,2738,7701,4374,4103,22145
1640,3229,2738,7701,4374,4103,22145
1641,3229,2738,7701,4374,4103,22145
1642,3229,2738,7701,4374,4103,22145
1643,3229,2738,7701,4374,4103,22145
1644,3229,2738,7701,4374,4103,22145
1645,2427,2110,5975,3269,3196,16977
1646,2427,2110,5975,3269,3196,16977
1647,2427,2110,5975,3269,3196,16977
1648,2427,2110,5975,3269,3196,16977
1649,2427,2110,5975,3269,3196,16977
1650,2427,2110,5975,3269,3196,16977
1651,2427,2110,5975,3269,3196,16977
1652,2427,2110,5975,3269,3196,16977
1653,2427,2110,5975,3269,3196,16977
1654,2427,2110,5975,3269,3196,16977
1655,2427,2110,5975,3269,3196,16977
1656,2427,2110,5975,3269,3196,16977
1657,2427,2110,5975,3269,3196,16977
1658,2427,2110,5975,3269,3196,16977
1659,2427,2110,5975,3269,3196,16977
1660,2427,2110,5975,3269,3196,16977
1661,2427,2110,5975,3269,3196,16977
1662,2427,2110,5975,3269,3196,16977
1663,2427,2110,5975,3269,3196,16977
1664,2427,2110,5975,3269,3196,16977
1665,2427,2110,5975,3269,3196,16977
1666,2427,2110,5975,3269,3196,16977
1667,2427,2110,5975,3269,3196,16977
1668,2427,2110,5975,3269,3196,16977
1669,2427,2110,5975,3269,3196,16977
1670,2427,2110,5975,3269,3196,16977
1671,2427,2110,5975,3269,3196,16977
1672,2427,2110,5975,3269,3196,16977
1673,2427,2110,5975,3269,3196,16977
1674,2427,2110,5975,3269,3196,16977
1675,2427,2110,5975,3269,3196,16977
1676,3338,2914,8035,4515,4416,23218
1677,3338,2914,8035,4515,4416,23218
1678,3338,2914,8035,4515,4416,23218
1679,3338,2914,8035,4515,4416,23218
1680,3338,2914,8035,4515,4416,23218
1681,3338,2914,8035,4515,4416,23218
1682,3338,2914,8035,4515,4416,23218
1683,3338,2914,8035,4515,4416,23218
1684,3338,2914,8035,4515,4416,23218
1685,3338,2914,8035,4515,4416,23218
1686,3338,2914,8035,4515,4416,23218
1687,3338,2914,8035,4515,4416,23218
1688,3338,2914,8035,4515,4416,23218
1689,3338,2914,8035,4515,4416,23218
1690,3338,2914,8035,4515,4416,23218
1691,3338,2914,8035,4515,4416,23218
1692,3338,2914,8035,4515,4416,23218
1693,3338,2914,8035,4515,4416,23218
1694,3338,2914,8035,4515,4416,23218
1695,3338,2914,8035,4515,4416,23218
1696,3338,2914,8035,4515,4416,23218
1697,3338,2914,8035,4515,4416,23218
1698,3338,2914,8035,4515,4416,23218
1699,3338,2914,8035,4515,4416,23218
1700,3338,2914,8035,4515,4416,23218
1701,3338,2914,8035,4515,4416,23218
1702,3338,2914,8035,4515,4416,23218
1703,3338,2914,8035,4515,4416,23218
1704,3701,3279,8737,5035,5041,25793
1705,3701,3279,8737,5035,5041,25793
1706,3701,3279,8737,5035,5041,25793
1707,3701,3279,8737,5035,5041,25793
1708,3701,3279,8737,5035,5041,25793
1709,3701,3279,8737,5035,5041,25793
1710,3701,3279,8737,5035,5041,25793
1711,3701,3279,8737,5035,5041,25793
1712,3701,3279,8737,5035,5041,25793
1713,3701,3279,8737,5035,5041,25793
1714,3701,3279,8737,5035,5041,25793
1715,3701,3279,8737,5035,5041,25793
1716,3701,3279,8737,5035,5041,25793
1717,3701,3279,8737,5035,5041,25793
1718,3701,3279,8737,5035,5041,25793
1719,3701,3279,8737,5035,5041,25793
1720,3701,3279,8737,5035,5041,25793
1721,3701,3279,8737,5035,5041,25793
1722,3701,3279,8737,5035,5041,25793
1723,3701,3279,8737,5035,5041,25793
1724,3701,3279,8737,5035,5041,25793
1725,3701,3279,8737,5035,5041,25793
1726,3701,3279,8737,5035,5041,25793
1727,3701,3279,8737,5035,5041,25793
1728,3701,3279,8737,5035,5041,25793
1729,3701,3279,8737,5035,5041,25793
1730,3701,3279,8737,5035,5041,25793
1731,3701,3279,8737,5035,5041,25793
1732,3701,3279,8737,5035,5041,25793
1733,3701,3279,8737,5035,5041,25793
1734,3701,3279,8737,5035,5041,25793
1735,2754,2418,6809,3891,3848,19720
1736,2754,2418,6809,3891,3848,19720
1737,2754,2418,6809,3891,3848,19720
1738,2754,2418,6809,3891,3848,19720
1739,2754,2418,6809,3891,3848,19720
1740,2754,2418,6809,3891,3848,19720
1741,2754,2418,6809,3891,3848,19720
1742,2754,2418,6809,3891,3848,19720
1743,2754,2418,6809,3891,3848,19720
1744,2754,2418,6809,3891,3848,19720
1745,2754,2418,6809,3891,3848,19720
1746,2754,2418,6809,3891,3848,19720
1747,2754,2418,6809,3891,3848,19720
1748,2754,2418,6809,3891,3848,19720
1749,2754,2418,6809,3891,3848,19720
1750,2754,2418,6809,3891,3848,19720
1751,2754,2418,6809,3891,3848,19720
1752,2754,2418,6809,3891,3848,19720
1753,2754,2418,6809,3891,3848,19720
1754,2754,2418,6809,3891,3848,19720
1755,2754,2418,6809,3891,3848,19720
1756,2754,2418,6809,3891,3848,19720
1757,2754,2418,6809,3891,3848,19720
1758,2754,2418,6809,3891,3848,19720
1759,2754,2418,6809,3891,3848,19720
1760,2754,2418,6809,3891,3848,19720
1761,2754,2418,6809,3891,3848,19720
1762,2754,2418,6809,3891,3848,19720
1763,2754,2418,6809,3891,3848,19720
1764,2754,2418,6809,3891,3848,19720
1765,2802,2378,7296,3975,3889,20340
1766,2802,2378,7296,3975,3889,20340
1767,2802,2378,7296,3975,3889,20340
1768,2802,2378,7296,3975,3889,20340
1769,2802,2378,7296,3975,3889,20340
1770,2802,2378,7296,3975,3889,20340
1771,2802,2378,7296,3975,3889,20340
1772,2802,2378,7296,3975,3889,20340
1773,2802,2378,7296,3975,3889,20340
1774,2802,2378,7296,3975,3889,20340
1775,2802,2378,7296,3975,3889,20340
1776,2802,2378,7296,3975,3889,20340
1777,2802,2378,7296,3975,3889,20340
1778,2802,2378,7296,3975,3889,20340
1779,2802,2378,7296,3975,3889,20340
1780,2802,2378,7296,3975,3889,20340
1781,2802,2378,7296,3975,3889,20340
1782,2802,2378,7296,3975,3889,20340
1783,2802,2378,7296,3975,3889,20340
1784,2802,2378,7296,3975,3889,20340
1785,2802,2378,7296,3975,3889,20340
1786,2802,2378,7296,3975,3889,20340
1787,2802,2378,7296,3975,3889,20340
1788,2802,2378,7296,3975,3889,20340
1789,2802,2378,7296,3975,3889,20340
1790,2802,2378,7296,3975,3889,20340
1791,2802,2378,7296,3975,3889,20340
1792,2802,2378,7296,3975,3889,20340
1793,2802,2378,7296,3975,3889,20340
1794,2802,2378,7296,3975,3889,20340
1795,2802,2378,7296,3975,3889,20340
1796,2685,2251,6447,3715,3441,18539
1797,2685,2251,6447,3715,3441,18539
1798,2685,2251,6447,3715,3441,18539
1799,2685,2251,6447,3715,3441,18539
1800,2685,2251,6447,3715,3441,18539
1801,2685,2251,6447,3715,3441,18539
1802,2685,2251,6447,3715,3441,18539
1803,2685,2251,6447,3715,3441,18539
1804,2685,2251,6447,3715,3441,18539
1805,2685,2251,6447,3715,3441,18539
1806,2685,2251,6447,3715,3441,18539
1807,2685,2251,6447,3715,3441,18539
1808,2685,2251,6447,3715,3441,18539
1809,2685,2251,6447,3715,3441,18539
1810,2685,2251,6447,3715,3441,18539
1811,2685,2251,6447,3715,3441,18539
1812,2685,2251,6447,3715,3441,18539
1813,2685,2251,6447,3715,3441,18539
1814,2685,2251,6447,3715,3441,18539
1815,2685,2251,6447,3715,3441,18539
1816,2685,2251,6447,3715,3441,18539
1817,2685,2251,6447,3715,3441,18539
1818,2685,2251,6447,3715,3441,18539
1819,2685,2251,6447,3715,3441,18539
1820,2685,2251,6447,3715,3441,18539
1821,2685,2251,6447,3715,3441,18539
1822,2685,2251,6447,3715,3441,18539
1823,2685,2251,6447,3715,3441,18539
1824,2685,2251,6447,3715,3441,18539
1825,2685,2251,6447,3715,3441,18539
1826,3154,2879,8078,4526,4148,22785
1827,3154,2879,8078,4526,4148,22785
1828,3154,2879,8078,4526,4148,22785
1829,3154,2879,8078,4526,4148,22785
1830,3154,2879,8078,4526,4148,22785
1831,3154,2879,8078,4526,4148,22785
1832,3154,2879,8078,4526,4148,22785
1833,3154,2879,8078,4526,4148,22785
1834,3154,2879,8078,4526,4148,22785
1835,3154,2879,8078,4526,4148,22785
1836,3154,2879,8078,4526,4148,22785
1837,3154,2879,8078,4526,4148,22785
1838,3154,2879,8078,4526,4148,22785
1839,3154,2879,8078,4526,4148,22785
1840,3154,2879,8078,4526,4148,22785
1841,3154,2879,8078,4526,4148,22785
1842,3154,2879,8078,4526,4148,22785
1843,3154,2879,8078,4526,4148,22785
1844,3154,2879,8078,4526,4148,22785
1845,3154,2879,8078,4526,4148,22785
1846,3154,2879,8078,4526,4148,22785
1847,3154,2879,8078,4526,4148,22785
1848,3154,2879,8078,4526,4148,22785
1849,3154,2879,8078,4526,4148,22785
1850,3154,2879,8078,4526,4148,22785
1851,3154,2879,8078,4526,4148,22785
1852,3154,2879,8078,4526,4148,22785
1853,3154,2879,8078,4526,4148,22785
1854,3154,2879,8078,4526,4148,22785
1855,3154,2879,8078,4526,4148,22785
1856,3154,2879,8078,4526,4148,22785
1857,2671,2318,6589,3850,3403,18831
1858,2671,2318,6589,3850,3403,18831
1859,2671,2318,6589,3850,3403,18831
1860,2671,2318,6589,3850,3403,18831
1861,2671,2318,6589,3850,3403,18831
1862,2671,2318,6589,3850,3403,18831
1863,2671,2318,6589,3850,3403,18831
1864,2671,2318,6589,3850,3403,18831
1865,2671,2318,6589,3850,3403,18831
1866,2671,2318,6589,3850,3403,18831
1867,2671,2318,6589,3850,3403,18831
1868,2671,2318,6589,3850,3403,18831
1869,2671,2318,6589,3850,3403,18831
1870,2671,2318,6589,3850,3403,18831
1871,2671,2318,6589,3850,3403,18831
1872,2671,2318,6589,3850,3403,18831
1873,2671,2318,6589,3850,3403,18831
1874,2671,2318,6589,3850,3403,18831
1875,2671,2318,6589,3850,3403,18831
1876,2671,2318,6589,3850,3403,18831
1877,2671,2318,6589,3850,3403,18831
1878,2671,2318,6589,3850,3403,18831
1879,2671,2318,6589,3850,3403,18831
1880,2671,2318,6589,3850,3403,18831
1881,2671,2318,6589,3850,3403,18831
1882,2671,2318,6589,3850,3403,18831
1883,2671,2318,6589,3850,3403,18831
1884,2671,2318,6589,3850,3403,18831
1885,2671,2318,6589,3850,3403,18831
1886,2671,2318,6589,3850,3403,18831
1887,2671,2318,6589,3850,3403,18831
1888,2250,1863,5720,3261,3047,16141
1889,2250,1863,5720,3261,3047,16141
1890,2250,1863,5720,3261,3047,16141
1891,2250,1863,5720,3261,3047,16141
1892,2250,1863,5720,3261,3047,16141
1893,2250,1863,5720,3261,3047,16141
1894,2250,1863,5720,3261,3047,16141
1895,2250,1863,5720,3261,3047,16141
1896,2250,1863,5720,3261,3047,16141
1897,2250,1863,5720,3261,3047,16141
1898,2250,1863,5720,3261,3047,16141
1899,2250,1863,5720,3261,3047,16141
1900,2250,1863,5720,3261,3047,16141
1901,2250,1863,5720,3261,3047,16141
1902,2250,1863,5720,3261,3047,16141
1903,2250,1863,5720,3261,3047,16141
1904,2250,1863,5720,3261,3047,16141
1905,2250,1863,5720,3261,3047,16141
1906,2250,1863,5720,3261,3047,16141
1907,2250,1863,5720,3261,3047,16141
1908,2250,1863,5720,3261,3047,16141
1909,2250,1863,5720,3261,3047,16141
1910,2250,1863,5720,3261,3047,16141
1911,2250,1863,5720,3261,3047,16141
1912,2250,1863,5720,3261,3047,16141
1913,2250,1863,5720,3261,3047,16141
1914,2250,1863,5720,3261,3047,16141
1915,2250,1863,5720,3261,3047,16141
1916,2250,1863,5720,3261,3047,16141
1917,2250,1863,5720,3261,3047,16141
1918,2684,2295,6327,3506,3467,18279
1919,2684,2295,6327,3506,3467,18279
1920,2684,2295,6327,3506,3467,18279
1921,2684,2295,6327,3506,3467,18279
1922,2684,2295,6327,3506,3467,18279
1923,2684,2295,6327,3506,3467,18279
1924,2684,2295,6327,3506,3467,18279
1925,2684,2295,6327,3506,3467,18279
1926,2684,2295,6327,3506,3467,18279
1927,2684,2295,6327,3506,3467,18279
1928,2684,2295,6327,3506,3467,18279
1929,2684,2295,6327,3506,3467,18279
1930,2684,2295,6327,3506,3467,18279
1931,2684,2295,6327,3506,3467,18279
1932,2684,2295,6327,3506,3467,18279
1933,2684,2295,6327,3506,3467,18279
1934,2684,2295,6327,3506,3467,18279
1935,2684,2295,6327,3506,3467,18279
1936,2684,2295,6327,3506,3467,18279
1937,2684,2295,6327,3506,3467,18279
1938,2684,2295,6327,3506,3467,18279
1939,2684,2295,6327,3506,3467,18279
1940,2684,2295,6327,3506,3467,18279
1941,2684,2295,6327,3506,3467,18279
1942,2684,2295,6327,3506,3467,18279
1943,2684,2295,6327,3506,3467,18279
1944,2684,2295,6327,3506,3467,18279
1945,2684,2295,6327,3506,3467,18279
1946,2684,2295,6327,3506,3467,18279
1947,2684,2295,6327,3506,3467,18279
1948,2684,2295,6327,3506,3467,18279
1949,3585,3134,9671,5154,5142,26686
1950,3585,3134,9671,5154,5142,26686
1951,3585,3134,9671,5154,5142,26686
1952,3585,3134,9671,5154,5142,26686
1953,3585,3134,9671,5154,5142,26686
1954,3585,3134,9671,5154,5142,26686
1955,3585,3134,9671,5154,5142,26686
1956,3585,3134,9671,5154,5142,26686
1957,3585,3134,9671,5154,5142,26686
1958,3585,3134,9671,5154,5142,26686
1959,3585,3134,9671,5154,5142,26686
1960,3585,3134,9671,5154,5142,26686
1961,3585,3134,9671,5154,5142,26686
1962,3585,3134,9671,5154,5142,26686
1963,3585,3134,9671,5154,5142,26686
1964,3585,3134,9671,5154,5142,26686
1965,3585,3134,9671,5154,5142,26686
1966,3585,3134,9671,5154,5142,26686
1967,3585,3134,9671,5154,5142,26686
1968,3585,3134,9671,5154,5142,26686
1969,3585,3134,9671,5154,5142,26686
1970,3585,3134,9671,5154,5142,26686
1971,3585,3134,9671,5154,5142,26686
1972,3585,3134,9671,5154,5142,26686
1973,3585,3134,9671,5154,5142,26686
1974,3585,3134,9671,5154,5142,26686
1975,3585,3134,9671,5154,5142,26686
1976,3585,3134,9671,5154,5142,26686
1977,3585,3134,9671,5154,5142,26686
1978,3585,3134,9671,5154,5142,26686
1979,3167,2739,7316,4154,3896,21272
1980,3167,2739,7316,4154,3896,21272
1981,3167,2739,7316,4154,3896,21272
1982,3167,2739,7316,4154,3896,21272
1983,3167,2739,7316,4154,3896,21272
1984,3167,2739,7316,4154,3896,21272
1985,3167,2739,7316,4154,3896,21272
1986,3167,2739,7316,4154,3896,21272
1987,3167,2739,7316,4154,3896,21272
1988,3167,2739,7316,4154,3896,21272
1989,3167,2739,7316,4154,3896,21272
1990,3167,2739,7316,4154,3896,21272
1991,3167,2739,7316,4154,3896,21272
1992,3167,2739,7316,4154,3896,21272
1993,3167,2739,7316,4154,3896,21272
1994,3167,2739,7316,4154,3896,21272
1995,3167,2739,7316,4154,3896,21272
1996,3167,2739,7316,4154,3896,21272
1997,3167,2739,7316,4154,3896,21272
1998,3167,2739,7316,4154,3896,21272
1999,3167,2739,7316,4154,3896,21272
2000,3167,2739,7316,4154,3896,21272
2001,3167,2739,7316,4154,3896,21272
2002,3167,2739,7316,4154,3896,21272
2003,3167,2739,7316,4154,3896,21272
2004,3167,2739,7316,4154,3896,21272
2005,3167,2739,7316,4154,3896,21272
2006,3167,2739,7316,4154,3896,21272
2007,3167,2739,7316,4154,3896,21272
2008,3167,2739,7316,4154,3896,21272
2009,3167,2739,7316,4154,3896,21272
2010,2546,2232,6355,3576,3330,18039
2011,2546,2232,6355,3576,3330,18039
2012,2546,2232,6355,3576,3330,18039
2013,2546,2232,6355,3576,3330,18039
2014,2546,2232,6355,3576,3330,18039
2015,2546,2232,6355,3576,3330,18039
2016,2546,2232,6355,3576,3330,18039
2017,2546,2232,6355,3576,3330,18039
2018,2546,2232,6355,3576,3330,18039
2019,2546,2232,6355,3576,3330,18039
2020,2546,2232,6355,3576,3330,18039
2021,2546,2232,6355,3576,3330,18039
2022,2546,2232,6355,3576,3330,18039
2023,2546,2232,6355,3576,3330,18039
2024,2546,2232,6355,3576,3330,18039
2025,2546,2232,6355,3576,3330,18039
2026,2546,2232,6355,3576,3330,18039
2027,2546,2232,6355,3576,3330,18039
2028,2546,2232,6355,3576,3330,18039
2029,2546,2232,6355,3576,3330,18039
2030,2546,2232,6355,3576,3330,18039
2031,2546,2232,6355,3576,3330,18039
2032,2546,2232,6355,3576,3330,18039
2033,2546,2232,6355,3576,3330,18039
2034,2546,2232,6355,3576,3330,18039
2035,2546,2232,6355,3576,3330,18039
2036,2546,2232,6355,3576,3330,18039
2037,2546,2232,6355,3576,3330,18039
2038,2546,2232,6355,3576,3330,18039
2039,2546,2232,6355,3576,3330,18039
2040,2546,2232,6355,3576,3330,18039
2041,2505,2230,6261,3569,3450,18015
2042,2505,2230,6261,3569,3450,18015
2043,2505,2230,6261,3569,3450,18015
2044,2505,2230,6261,3569,3450,18015
2045,2505,2230,6261,3569,3450,18015
2046,2505,2230,6261,3569,3450,18015
2047,2505,2230,6261,3569,3450,18015
2048,2505,2230,6261,3569,3450,18015
2049,2505,2230,6261,3569,3450,18015
2050,2505,2230,6261,3569,3450,18015
2051,2505,2230,6261,3569,3450,18015
2052,2505,2230,6261,3569,3450,18015
2053,2505,2230,6261,3569,3450,18015
2054,2505,2230,6261,3569,3450,18015
2055,2505,2230,6261,3569,3450,18015
2056,2505,2230,6261,3569,3450,18015
2057,2505,2230,6261,3569,3450,18015
2058,2505,2230,6261,3569,3450,18015
2059,2505,2230,6261,3569,3450,18015
2060,2505,2230,6261,3569,3450,18015
2061,2505,2230,6261,3569,3450,18015
2062,2505,2230,6261,3569,3450,18015
2063,2505,2230,6261,3569,3450,18015
2064,2505,2230,6261,3569,3450,18015
2065,2505,2230,6261,3569,3450,18015
2066,2505,2230,6261,3569,3450,18015
2067,2505,2230,6261,3569,3450,18015
2068,2505,2230,6261,3569,3450,18015
2069,3844,3442,9261,5259,5283,27089
2070,3844,3442,9261,5259,5283,27089
2071,3844,3442,9261,5259,5283,27089
2072,3844,3442,9261,5259,5283,27089
2073,3844,3442,9261,5259,5283,27089
2074,3844,3442,9261,5259,5283,27089
2075,3844,3442,9261,5259,5283,27089
2076,3844,3442,9261,5259,5283,27089
2077,3844,3442,9261,5259,5283,27089
2078,3844,3442,9261,5259,5283,27089
2079,3844,3442,9261,5259,5283,27089
2080,3844,3442,9261,5259,5283,27089
2081,3844,3442,9261,5259,5283,27089
2082,3844,3442,9261,5259,5283,27089
2083,3844,3442,9261,5259,5283,27089
2084,3844,3442,9261,5259,5283,27089
2085,3844,3442,9261,5259,5283,27089
2086,3844,3442,9261,5259,5283,27089
2087,3844,3442,9261,5259,5283,27089
2088,3844,3442,9261,5259,5283,27089
2089,3844,3442,9261,5259,5283,27089
2090,3844,3442,9261,5259,5283,27089
2091,3844,3442,9261,5259,5283,27089
2092,3844,3442,9261,5259,5283,27089
2093,3844,3442,9261,5259,5283,27089
2094,3844,3442,9261,5259,5283,27089
2095,3844,3442,9261,5259,5283,27089
2096,3844,3442,9261,5259,5283,27089
2097,3844,3442,9261,5259,5283,27089
2098,3844,3442,9261,5259,5283,27089
2099,3844,3442,9261,5259,5283,27089
2100,2551,2133,6320,3597,3455,18056
2101,2551,2133,6320,3597,3455,18056
2102,2551,2133,6320,3597,3455,18056
2103,2551,2133,6320,3597,3455,18056
2104,2551,2133,6320,3597,3455,18056
2105,2551,2133,6320,3597,3455,18056
2106,2551,2133,6320,3597,3455,18056
2107,2551,2133,6320,3597,3455,18056
2108,2551,2133,6320,3597,3455,18056
2109,2551,2133,6320,3597,3455,18056
2110,2551,2133,6320,3597,3455,18056
2111,2551,2133,6320,3597,3455,18056
2112,2551,2133,6320,3597,3455,18056
2113,2551,2133,6320,3597,3455,18056
2114,2551,2133,6320,3597,3455,18056
2115,2551,2133,6320,3597,3455,18056
2116,2551,2133,6320,3597,3455,18056
2117,2551,2133,6320,3597,3455,18056
2118,2551,2133,6320,3597,3455,18056
2119,2551,2133,6320,3597,3455,18056
2120,2551,2133,6320,3597,3455,18056
2121,2551,2133,6320,3597,3455,18056
2122,2551,2133,6320,3597,3455,18056
2123,2551,2133,6320,3597,3455,18056
2124,2551,2133,6320,3597,3455,18056
2125,2551,2133,6320,3597,3455,18056
2126,2551,2133,6320,3597,3455,18056
2127,2551,2133,6320,3597,3455,18056
2128,2551,2133,6320,3597,3455,18056
2129,2551,2133,6320,3597,3455,18056
2130,3025,2614,7983,4364,4178,22164
2131,3025,2614,7983,4364,4178,22164
2132,3025,2614,7983,4364,4178,22164
2133,3025,2614,7983,4364,4178,22164
2134,3025,2614,7983,4364,4178,22164
2135,3025,2614,7983,4364,4178,22164
2136,3025,2614,7983,4364,4178,22164
2137,3025,2614,7983,4364,4178,22164
2138,3025,2614,7983,4364,4178,22164
2139,3025,2614,7983,4364,4178,22164
2140,3025,2614,7983,4364,4178,22164
2141,3025,2614,7983,4364,4178,22164
2142,3025,2614,7983,4364,4178,22164
2143,3025,2614,7983,4364,4178,22164
2144,3025,2614,7983,4364,4178,22164
2145,3025,2614,7983,4364,4178,22164
2146,3025,2614,7983,4364,4178,22164
2147,3025,2614,7983,4364,4178,22164
2148,3025,2614,7983,4364,4178,22164
2149,3025,2614,7983,4364,4178,22164
2150,3025,2614,7983,4364,4178,22164
2151,3025,2614,7983,4364,4178,22164
2152,3025,2614,7983,4364,4178,22164
2153,3025,2614,7983,4364,4178,22164
2154,3025,2614,7983,4364,4178,22164
2155,3025,2614,7983,4364,4178,22164
2156,3025,2614,7983,4364,4178,22164
2157,3025,2614,7983,4364,4178,22164
2158,3025,2614,7983,4364,4178,22164
2159,3025,2614,7983,4364,4178,22164
2160,3025,2614,7983,4364,4178,22164
2161,2492,2242,5879,3360,3200,17173
2162,2492,2242,5879,3360,3200,17173
2163,2492,2242,5879,3360,3200,17173
2164,2492,2242,5879,3360,3200,17173
2165,2492,2242,5879,3360,3200,17173
2166,2492,2242,5879,3360,3200,17173
2167,2492,2242,5879,3360,3200,17173
2168,2492,2242,5879,3360,3200,17173
2169,2492,2242,5879,3360,3200,17173
2170,2492,2242,5879,3360,3200,17173
2171,2492,2242,5879,3360,3200,17173
2172,2492,2242,5879,3360,3200,17173
2173,2492,2242,5879,3360,3200,17173
2174,2492,2242,5879,3360,3200,17173
2175,2492,2242,5879,3360,3200,17173
2176,2492,2242,5879,3360,3200,17173
2177,2492,2242,5879,3360,3200,17173
2178,2492,2242,5879,3360,3200,17173
2179,2492,2242,5879,3360,3200,17173
2180,2492,2242,5879,3360,3200,17173
2181,2492,2242,5879,3360,3200,17173
2182,2492,2242,5879,3360,3200,17173
2183,2492,2242,5879,3360,3200,17173
2184,2492,2242,5879,3360,3200,17173
2185,2492,2242,5879,3360,3200,17173
2186,2492,2242,5879,3360,3200,17173
2187,2492,2242,5879,3360,3200,17173
2188,2492,2242,5879,3360,3200,17173
2189,2492,2242,5879,3360,3200,17173
2190,2492,2242,5879,3360,3200,17173
2191,3387,2868,8215,4525,4207,23202
2192,3387,2868,8215,4525,4207,23202
2193,3387,2868,8215,4525,4207,23202
2194,3387,2868,8215,4525,4207,23202
2195,3387,2868,8215,4525,4207,23202
2196,3387,2868,8215,4525,4207,23202
2197,3387,2868,8215,4525,4207,23202
2198,3387,2868,8215,4525,4207,23202
2199,3387,2868,8215,4525,4207,23202
2200,3387,2868,8215,4525,4207,23202
2201,3387,2868,8215,4525,4207,23202
2202,3387,2868,8215,4525,4207,23202
2203,3387,2868,8215,4525,4207,23202
2204,3387,2868,8215,4525,4207,23202
2205,3387,2868,8215,4525,4207,23202
2206,3387,2868,8215,4525,4207,23202
2207,3387,2868,8215,4525,4207,23202
2208,3387,2868,8215,4525,4207,23202
2209,3387,2868,8215,4525,4207,23202
2210,3387,2868,8215,4525,4207,23202
2211,3387,2868,8215,4525,4207,23202
2212,3387,2868,8215,4525,4207,23202
2213,3387,2868,8215,4525,4207,23202
2214,3387,2868,8215,4525,4207,23202
2215,3387,2868,8215,4525,4207,23202
2216,3387,2868,8215,4525,4207,23202
2217,3387,2868,8215,4525,4207,23202
2218,3387,2868,8215,4525,4207,23202
2219,3387,2868,8215,4525,4207,23202
2220,3387,2868,8215,4525,4207,23202
2221,3387,2868,8215,4525,4207,23202
2222,2829,2421,7385,3927,3651,20213
2223,2829,2421,7385,3927,3651,20213
2224,2829,2421,7385,3927,3651,20213
2225,2829,2421,7385,3927,3651,20213
2226,2829,2421,7385,3927,3651,20213
2227,2829,2421,7385,3927,3651,20213
2228,2829,2421,7385,3927,3651,20213
2229,2829,2421,7385,3927,3651,20213
2230,2829,2421,7385,3927,3651,20213
2231,2829,2421,7385,3927,3651,20213
2232,2829,2421,7385,3927,3651,20213
2233,2829,2421,7385,3927,3651,20213
2234,2829,2421,7385,3927,3651,20213
2235,2829,2421,7385,3927,3651,20213
2236,2829,2421,7385,3927,3651,20213
2237,2829,2421,7385,3927,3651,20213
2238,2829,2421,7385,3927,3651,20213
2239,2829,2421,7385,3927,3651,20213
2240,2829,2421,7385,3927,3651,20213
2241,2829,2421,7385,3927,3651,20213
2242,2829,2421,7385,3927,3651,20213
2243,2829,2421,7385,3927,3651,20213
2244,2829,2421,7385,3927,3651,20213
2245,2829,2421,7385,3927,3651,20213
2246,2829,2421,7385,3927,3651,20213
2247,2829,2421,7385,3927,3651,20213
2248,2829,2421,7385,3927,3651,20213
2249,2829,2421,7385,3927,3651,20213
2250,2829,2421,7385,3927,3651,20213
2251,2829,2421,7385,3927,3651,20213
2252,2829,2421,7385,3927,3651,20213
2253,2309,2019,5894,3238,3205,16665
2254,2309,2019,5894,3238,3205,16665
2255,2309,2019,5894,3238,3205,16665
2256,2309,2019,5894,3238,3205,16665
2257,2309,2019,5894,3238,3205,16665
2258,2309,2019,5894,3238,3205,16665
2259,2309,2019,5894,3238,3205,16665
2260,2309,2019,5894,3238,3205,16665
2261,2309,2019,5894,3238,3205,16665
2262,2309,2019,5894,3238,3205,16665
2263,2309,2019,5894,3238,3205,16665
2264,2309,2019,5894,3238,3205,16665
2265,2309,2019,5894,3238,3205,16665
2266,2309,2019,5894,3238,3205,16665
2267,2309,2019,5894,3238,3205,16665
2268,2309,2019,5894,3238,3205,16665
2269,2309,2019,5894,3238,3205,16665
2270,2309,2019,5894,3238,3205,16665
2271,2309,2019,5894,3238,3205,16665
2272,2309,2019,5894,3238,3205,16665
2273,2309,2019,5894,3238,3205,16665
2274,2309,2019,5894,3238,3205,16665
2275,2309,2019,5894,3238,3205,16665
2276,2309,2019,5894,3238,3205,16665
2277,2309,2019,5894,3238,3205,16665
2278,2309,2019,5894,3238,3205,16665
2279,2309,2019,5894,3238,3205,16665
2280,2309,2019,5894,3238,3205,16665
2281,2309,2019,5894,3238,3205,16665
2282,2309,2019,5894,3238,3205,16665
2283,2631,2173,6570,3494,3584,18452
2284,2631,2173,6570,3494,3584,18452
2285,2631,2173,6570,3494,3584,18452
2286,2631,2173,6570,3494,3584,18452
2287,2631,2173,6570,3494,3584,18452
2288,2631,2173,6570,3494,3584,18452
2289,2631,2173,6570,3494,3584,18452
2290,2631,2173,6570,3494,3584,18452
2291,2631,2173,6570,3494,3584,18452
2292,2631,2173,6570,3494,3584,18452
2293,2631,2173,6570,3494,3584,18452
2294,2631,2173,6570,3494,3584,18452
2295,2631,2173,6570,3494,3584,18452
2296,2631,2173,6570,3494,3584,18452
2297,2631,2173,6570,3494,3584,18452
2298,2631,2173,6570,3494,3584,18452
2299,2631,2173,6570,3494,3584,18452
2300,2631,2173,6570,3494,3584,18452
2301,2631,2173,6570,3494,3584,18452
2302,2631,2173,6570,3494,3584,18452
2303,2631,2173,6570,3494,3584,18452
2304,2631,2173,6570,3494,3584,18452
2305,2631,2173,6570,3494,3584,18452
2306,2631,2173,6570,3494,3584,18452
2307,2631,2173,6570,3494,3584,18452
2308,2631,2173,6570,3494,3584,18452
2309,2631,2173,6570,3494,3584,18452
2310,2631,2173,6570,3494,3584,18452
2311,2631,2173,6570,3494,3584,18452
2312,2631,2173,6570,3494,3584,18452
2313,2631,2173,6570,3494,3584,18452
2314,3375,2936,8893,4801,4744,24749
2315,3375,2936,8893,4801,4744,24749
2316,3375,2936,8893,4801,4744,24749
2317,3375,2936,8893,4801,4744,24749
2318,3375,2936,8893,4801,4744,24749
2319,3375,2936,8893,4801,4744,24749
2320,3375,2936,8893,4801,4744,24749
2321,3375,2936,8893,4801,4744,24749
2322,3375,2936,8893,4801,4744,24749
2323,3375,2936,8893,4801,4744,24749
2324,3375,2936,8893,4801,4744,24749
2325,3375,2936,8893,4801,4744,24749
2326,3375,2936,8893,4801,4744,24749
2327,3375,2936,8893,4801,4744,24749
2328,3375,2936,8893,4801,4744,24749
2329,3375,2936,8893,4801,4744,24749
2330,3375,2936,8893,4801,4744,24749
2331,3375,2936,8893,4801,4744,24749
2332,3375,2936,8893,4801,4744,24749
2333,3375,2936,8893,4801,4744,24749
2334,3375,2936,8893,4801,4744,24749
2335,3375,2936,8893,4801,4744,24749
2336,3375,2936,8893,4801,4744,24749
2337,3375,2936,8893,4801,4744,24749
2338,3375,2936,8893,4801,4744,24749
2339,3375,2936,8893,4801,4744,24749
2340,3375,2936,8893,4801,4744,24749
2341,3375,2936,8893,4801,4744,24749
2342,3375,2936,8893,4801,4744,24749
2343,3375,2936,8893,4801,4744,24749
2344,3263,2894,8151,4553,4402,23263
2345,3263,2894,8151,4553,4402,23263
2346,3263,2894,8151,4553,4402,23263
2347,3263,2894,8151,4553,4402,23263
2348,3263,2894,8151,4553,4402,23263
2349,3263,2894,8151,4553,4402,23263
2350,3263,2894,8151,4553,4402,23263
2351,3263,2894,8151,4553,4402,23263
2352,3263,2894,8151,4553,4402,23263
2353,3263,2894,8151,4553,4402,23263
2354,3263,2894,8151,4553,4402,23263
2355,3263,2894,8151,4553,4402,23263
2356,3263,2894,8151,4553,4402,23263
2357,3263,2894,8151,4553,4402,23263
2358,3263,2894,8151,4553,4402,23263
2359,3263,2894,8151,4553,4402,23263
2360,3263,2894,8151,4553,4402,23263
2361,3263,2894,8151,4553,4402,23263
2362,3263,2894,8151,4553,4402,23263
2363,3263,2894,8151,4553,4402,23263
2364,3263,2894,8151,4553,4402,23263
2365,3263,2894,8151,4553,4402,23263
2366,3263,2894,8151,4553,4402,23263
2367,3263,2894,8151,4553,4402,23263
2368,3263,2894,8151,4553,4402,23263
2369,3263,2894,8151,4553,4402,23263
2370,3263,2894,8151,4553,4402,23263
2371,3263,2894,8151,4553,4402,23263
2372,3263,2894,8151,4553,4402,23263
2373,3263,2894,8151,4553,4402,23263
2374,3263,2894,8151,4553,4402,23263
2375,2506,2157,6356,3297,3280,17596
2376,2506,2157,6356,3297,3280,17596
2377,2506,2157,6356,3297,3280,17596
2378,2506,2157,6356,3297,3280,17596
2379,2506,2157,6356,3297,3280,17596
2380,2506,2157,6356,3297,3280,17596
2381,2506,2157,6356,3297,3280,17596
2382,2506,2157,6356,3297,3280,17596
2383,2506,2157,6356,3297,3280,17596
2384,2506,2157,6356,3297,3280,17596
2385,2506,2157,6356,3297,3280,17596
2386,2506,2157,6356,3297,3280,17596
2387,2506,2157,6356,3297,3280,17596
2388,2506,2157,6356,3297,3280,17596
2389,2506,2157,6356,3297,3280,17596
2390,2506,2157,6356,3297,3280,17596
2391,2506,2157,6356,3297,3280,17596
2392,2506,2157,6356,3297,3280,17596
2393,2506,2157,6356,3297,3280,17596
2394,2506,2157,6356,3297,3280,17596
2395,2506,2157,6356,3297,3280,17596
2396,2506,2157,6356,3297,3280,17596
2397,2506,2157,6356,3297,3280,17596
2398,2506,2157,6356,3297,3280,17596
2399,2506,2157,6356,3297,3280,17596
2400,2506,2157,6356,3297,3280,17596
2401,2506,2157,6356,3297,3280,17596
2402,2506,2157,6356,3297,3280,17596
2403,2506,2157,6356,3297,3280,17596
2404,2506,2157,6356,3297,3280,17596
2405,2506,2157,6356,3297,3280,17596
2406,2967,2524,7331,3989,3900,20711
2407,2967,2524,7331,3989,3900,20711
2408,2967,2524,7331,3989,3900,20711
2409,2967,2524,7331,3989,3900,20711
2410,2967,2524,7331,3989,3900,20711
2411,2967,2524,7331,3989,3900,20711
2412,2967,2524,7331,3989,3900,20711
2413,2967,2524,7331,3989,3900,20711
2414,2967,2524,7331,3989,3900,20711
2415,2967,2524,7331,3989,3900,20711
2416,2967,2524,7331,3989,3900,20711
2417,2967,2524,7331,3989,3900,20711
2418,2967,2524,7331,3989,3900,20711
2419,2967,2524,7331,3989,3900,20711
2420,2967,2524,7331,3989,3900,20711
2421,2967,2524,7331,3989,3900,20711
2422,2967,2524,7331,3989,3900,20711
2423,2967,2524,7331,3989,3900,20711
2424,2967,2524,7331,3989,3900,20711
2425,2967,2524,7331,3989,3900,20711
2426,2967,2524,7331,3989,3900,20711
2427,2967,2524,7331,3989,3900,20711
2428,2967,2524,7331,3989,3900,20711
2429,2967,2524,7331,3989,3900,20711
2430,2967,2524,7331,3989,3900,20711
2431,2967,2524,7331,3989,3900,20711
2432,2967,2524,7331,3989,3900,20711
2433,2967,2524,7331,3989,3900,20711
2434,2967,2524,7331,3989,3900,20711
2435,3629,3178,8827,4985,5068,25687
2436,3629,3178,8827,4985,5068,25687
2437,3629,3178,8827,4985,5068,25687
2438,3629,3178,8827,4985,5068,25687
2439,3629,3178,8827,4985,5068,25687
2440,3629,3178,8827,4985,5068,25687
2441,3629,3178,8827,4985,5068,25687
2442,3629,3178,8827,4985,5068,25687
2443,3629,3178,8827,4985,5068,25687
2444,3629,3178,8827,4985,5068,25687
2445,3629,3178,8827,4985,5068,25687
2446,3629,3178,8827,4985,5068,25687
2447,3629,3178,8827,4985,5068,25687
2448,3629,3178,8827,4985,5068,25687
2449,3629,3178,8827,4985,5068,25687
2450,3629,3178,8827,4985,5068,25687
2451,3629,3178,8827,4985,5068,25687
2452,3629,3178,8827,4985,5068,25687
2453,3629,3178,8827,4985,5068,25687
2454,3629,3178,8827,4985,5068,25687
2455,3629,3178,8827,4985,5068,25687
2456,3629,3178,8827,4985,5068,25687
2457,3629,3178,8827,4985,5068,25687
2458,3629,3178,8827,4985,5068,25687
2459,3629,3178,8827,4985,5068,25687
2460,3629,3178,8827,4985,5068,25687
2461,3629,3178,8827,4985,5068,25687
2462,3629,3178,8827,4985,5068,25687
2463,3629,3178,8827,4985,5068,25687
2464,3629,3178,8827,4985,5068,25687
2465,3629,3178,8827,4985,5068,25687
